symbol,timeframe,date,open,high,low,close,volume,quantity
CRAA11,D1,09/06/2026,99.9,99.9,98.82,99.09,460514.53,4648.0
CRAA11,D1,08/06/2026,100.9,101.4,100.62,100.67,553335.02,5475.0
CRAA11,D1,05/06/2026,100.56,100.99,100.07,100.6,302993.83,3015.0
CRAA11,D1,03/06/2026,99.69,100.56,99.69,100.56,573380.1,5737.0
CRAA11,D1,02/06/2026,99.65,99.9,99.45,99.9,285925.82,2867.0
CRAA11,D1,01/06/2026,99.26,99.49,99.01,99.45,376599.28,3790.0
CRAA11,D1,29/05/2026,98.78,99.27,98.78,99.16,236595.21,2386.0
CRAA11,D1,28/05/2026,98.77,99.11,98.67,98.78,321238.81,3252.0
CRAA11,D1,27/05/2026,99.05,99.45,98.7,98.75,524722.07,5307.0
CRAA11,D1,26/05/2026,99.94,99.94,99.01,99.05,546052.13,5497.0
CRAA11,D1,25/05/2026,100.0,100.05,99.04,99.47,740122.05,7433.0
CRAA11,D1,22/05/2026,99.1,99.92,98.92,99.92,297668.53,2990.0
CRAA11,D1,21/05/2026,99.5,99.5,98.99,99.19,443968.12,4477.0
CRAA11,D1,20/05/2026,100.0,100.0,99.18,99.5,766847.52,7710.0
CRAA11,D1,19/05/2026,100.4,100.4,99.85,100.0,363836.55,3640.0
CRAA11,D1,18/05/2026,100.7,100.7,99.91,99.91,627403.05,6254.0
CRAA11,D1,15/05/2026,100.86,101.0,100.62,100.7,342735.23,3400.0
CRAA11,D1,14/05/2026,100.5,100.99,100.01,100.85,512794.83,5102.0
CRAA11,D1,13/05/2026,100.1,100.59,99.51,100.51,896532.39,8954.0
CRAA11,D1,12/05/2026,100.84,100.84,100.02,100.02,605562.9,6033.0
CRAA11,D1,11/05/2026,101.5,101.5,100.03,100.35,1044244.06,10369.0
CRAA11,D1,08/05/2026,102.49,102.92,102.27,102.86,640312.86,6247.0
CRAA11,D1,07/05/2026,101.98,102.41,101.84,102.41,654530.58,6414.0
CRAA11,D1,06/05/2026,101.63,101.81,101.5,101.78,356817.14,3509.0
CRAA11,D1,05/05/2026,101.98,101.98,101.12,101.2,808896.78,7971.0
CRAA11,D1,04/05/2026,101.39,101.97,101.26,101.97,772753.83,7601.0
CRAA11,D1,30/04/2026,100.94,101.27,100.68,101.25,698666.59,6923.0
CRAA11,D1,29/04/2026,101.2,101.41,100.81,100.81,1209772.95,11984.0
CRAA11,D1,28/04/2026,101.42,101.42,100.9,101.26,720847.58,7135.0
CRAA11,D1,27/04/2026,101.0,101.4,100.94,100.95,721283.2,7126.0
CRAA11,D1,24/04/2026,101.55,101.59,100.86,100.94,1056058.21,10450.0
CRAA11,D1,23/04/2026,101.8,102.29,100.9,101.61,1258474.3,12416.0
CRAA11,D1,22/04/2026,101.78,101.86,101.61,101.8,577826.35,5681.0
CRAA11,D1,20/04/2026,101.78,101.78,101.62,101.78,445147.25,4374.0
CRAA11,D1,17/04/2026,101.59,102.3,101.59,101.71,477932.31,4691.0
CRAA11,D1,16/04/2026,101.39,101.69,101.39,101.55,312601.13,3079.0
CRAA11,D1,15/04/2026,102.11,102.11,101.2,101.22,885042.83,8718.0
CRAA11,D1,14/04/2026,101.25,102.25,101.25,101.61,635042.63,6238.0
CRAA11,D1,13/04/2026,101.52,102.47,101.09,101.25,1144979.22,11240.0
CRAA11,D1,10/04/2026,102.16,102.58,101.4,101.52,743198.04,7306.0
CRAA11,D1,09/04/2026,102.72,102.72,102.15,102.16,458429.49,4476.0
CRAA11,D1,08/04/2026,103.43,103.87,103.43,103.46,303047.9,2923.0
CRAA11,D1,07/04/2026,104.25,104.25,103.3,103.95,775851.02,7485.0
CRAA11,D1,06/04/2026,103.58,103.78,103.06,103.78,294149.05,2843.0
CRAA11,D1,02/04/2026,103.96,104.21,102.98,103.58,569404.73,5502.0
CRAA11,D1,01/04/2026,102.12,103.81,101.67,103.45,838974.93,8153.0
CRAA11,D1,31/03/2026,101.5,102.49,101.05,101.62,432112.31,4251.0
CRAA11,D1,30/03/2026,102.65,102.76,101.0,101.0,1171455.67,11497.0
CRAA11,D1,27/03/2026,101.65,102.69,101.61,102.38,632311.12,6187.0
CRAA11,D1,26/03/2026,102.91,102.91,102.01,102.03,323837.63,3168.0
CRAA11,D1,25/03/2026,102.4,102.71,102.01,102.4,489402.1,4782.0
CRAA11,D1,24/03/2026,104.01,104.22,101.96,101.96,1557405.42,15204.0
CRAA11,D1,23/03/2026,102.11,103.71,101.96,103.71,381417.74,3711.0
CRAA11,D1,20/03/2026,102.11,102.36,101.5,101.96,405897.74,3980.0
CRAA11,D1,19/03/2026,102.64,102.64,101.61,101.61,641953.94,6289.0
CRAA11,D1,18/03/2026,104.72,104.72,102.11,102.13,788591.37,7655.0
CRAA11,D1,17/03/2026,104.75,104.75,103.82,104.2,341588.28,3278.0
CRAA11,D1,16/03/2026,103.52,104.35,103.01,104.35,254184.64,2447.0
CRAA11,D1,13/03/2026,104.0,104.04,103.01,103.01,687136.36,6623.0
CRAA11,D1,12/03/2026,102.97,104.03,102.5,103.5,1210686.99,11745.0
CRAA11,D1,11/03/2026,103.87,103.87,102.84,102.89,210843.71,2045.0
CRAA11,D1,10/03/2026,104.67,104.67,103.13,103.36,687708.26,6632.0
CRAA11,D1,09/03/2026,104.75,104.75,103.9,104.15,1345016.13,12919.0
CRAA11,D1,06/03/2026,104.82,106.0,104.6,106.0,1472141.61,13977.0
CRAA11,D1,05/03/2026,104.6,105.11,104.28,104.3,657999.6,6299.0
CRAA11,D1,04/03/2026,104.32,104.85,104.1,104.6,766799.25,7338.0
CRAA11,D1,03/03/2026,104.36,104.36,103.51,104.33,437054.74,4197.0
CRAA11,D1,02/03/2026,102.49,104.38,102.15,103.85,1570487.24,15271.0
CRAA11,D1,27/02/2026,102.33,102.41,101.87,102.15,347615.51,3401.0
CRAA11,D1,26/02/2026,102.03,102.21,101.75,101.91,428460.78,4201.0
CRAA11,D1,25/02/2026,101.53,102.03,101.53,102.03,444635.21,4365.0
CRAA11,D1,24/02/2026,102.0,102.05,101.53,101.53,406983.41,3996.0
CRAA11,D1,23/02/2026,101.59,101.6,101.15,101.6,239459.58,2362.0
CRAA11,D1,20/02/2026,101.08,101.32,100.17,101.1,1662503.69,16525.0
CRAA11,D1,19/02/2026,101.58,101.58,100.57,100.58,504185.57,4990.0
CRAA11,D1,18/02/2026,100.8,101.08,100.71,101.08,356512.86,3531.0
CRAA11,D1,13/02/2026,100.52,100.8,100.32,100.76,692575.97,6892.0
CRAA11,D1,12/02/2026,100.27,100.27,99.51,99.52,434255.15,4345.0
CRAA11,D1,11/02/2026,101.19,101.19,99.74,100.26,986598.9,9821.0
CRAA11,D1,10/02/2026,101.5,101.5,100.64,100.82,587595.7,5815.0
CRAA11,D1,09/02/2026,101.98,101.98,100.52,101.01,1202316.41,11898.0
CRAA11,D1,06/02/2026,102.99,103.3,102.7,102.91,1384782.72,13447.0
CRAA11,D1,05/02/2026,103.0,103.5,102.7,103.0,896028.87,8696.0
CRAA11,D1,04/02/2026,102.5,103.24,101.53,103.0,955573.62,9277.0
CRAA11,D1,03/02/2026,101.0,102.5,100.76,102.01,828835.23,8183.0
CRAA11,D1,02/02/2026,99.61,101.16,99.61,101.15,686182.83,6793.0
CRAA11,D1,30/01/2026,99.54,100.72,99.54,100.0,690426.01,6886.0
CRAA11,D1,29/01/2026,99.7,100.16,99.1,99.46,1188946.12,11936.0
CRAA11,D1,28/01/2026,97.0,100.28,97.0,99.7,1646071.17,16693.0
CRAA11,D1,27/01/2026,97.21,97.73,97.02,97.2,816705.58,8385.0
CRAA11,D1,26/01/2026,97.21,97.21,96.5,97.09,1677461.33,17326.0
CRAA11,D1,23/01/2026,97.48,97.7,96.7,96.75,1143403.32,11788.0
CRAA11,D1,22/01/2026,97.78,98.02,97.0,97.0,1121185.52,11482.0
CRAA11,D1,21/01/2026,96.89,98.06,96.69,97.3,1326290.33,13632.0
CRAA11,D1,20/01/2026,96.8,97.14,96.41,96.83,740642.35,7649.0
CRAA11,D1,19/01/2026,95.59,96.82,95.13,96.43,1764026.03,18426.0
CRAA11,D1,16/01/2026,95.3,95.41,95.05,95.13,977217.77,10266.0
CRAA11,D1,15/01/2026,95.14,95.74,94.75,95.06,1717951.48,18047.0
CRAA11,D1,14/01/2026,95.96,95.96,94.75,95.14,1331736.69,13977.0
CRAA11,D1,13/01/2026,95.76,95.96,95.52,95.7,941317.0,9831.0
CRAA11,D1,12/01/2026,95.43,95.76,95.27,95.76,353704.6,3706.0
CRAA11,D1,09/01/2026,95.31,95.74,95.18,95.34,715549.41,7494.0
CRAA11,D1,08/01/2026,95.31,95.61,95.18,95.27,1180369.08,12372.0
CRAA11,D1,07/01/2026,95.22,95.31,95.02,95.24,535598.76,5624.0
CRAA11,D1,06/01/2026,94.81,95.31,94.8,95.22,709883.56,7469.0
CRAA11,D1,05/01/2026,94.45,94.81,94.37,94.81,515277.72,5441.0
CRAA11,D1,02/01/2026,94.42,94.68,94.31,94.68,944678.63,9994.0
CRAA11,D1,30/12/2025,94.42,94.42,94.24,94.3,585083.62,6200.0
CRAA11,D1,29/12/2025,94.27,94.42,94.13,94.31,664537.58,7045.0
CRAA11,D1,26/12/2025,94.12,94.27,93.92,94.27,917707.05,9746.0
CRAA11,D1,23/12/2025,93.8,94.12,93.56,93.97,1101051.81,11715.0
CRAA11,D1,22/12/2025,93.91,93.98,93.33,93.33,1164585.0,12416.0
CRAA11,D1,19/12/2025,93.83,93.98,93.57,93.77,504938.94,5387.0
CRAA11,D1,18/12/2025,93.83,93.83,93.52,93.53,489160.32,5219.0
CRAA11,D1,17/12/2025,93.83,93.83,93.57,93.83,589222.3,6292.0
CRAA11,D1,16/12/2025,93.83,93.83,93.55,93.57,486856.55,5192.0
CRAA11,D1,15/12/2025,93.82,93.83,93.52,93.71,417099.91,4451.0
CRAA11,D1,12/12/2025,93.83,93.83,93.32,93.56,554982.04,5937.0
CRAA11,D1,11/12/2025,93.68,93.83,93.36,93.83,492167.47,5255.0
CRAA11,D1,10/12/2025,93.43,93.68,93.02,93.68,754457.23,8066.0
CRAA11,D1,09/12/2025,93.11,93.68,92.73,92.97,572195.36,6143.0
CRAA11,D1,08/12/2025,93.27,93.46,92.65,92.65,865859.95,9304.0
CRAA11,D1,05/12/2025,93.19,93.68,93.18,93.57,778969.57,8328.0
CRAA11,D1,04/12/2025,93.09,93.19,92.84,93.18,849276.63,9124.0
CRAA11,D1,03/12/2025,92.84,93.19,92.84,93.14,311843.6,3352.0
CRAA11,D1,02/12/2025,92.65,92.88,92.5,92.84,312595.38,3370.0
CRAA11,D1,01/12/2025,92.2,93.19,92.19,92.21,1322169.09,14243.0
CRAA11,D1,28/11/2025,91.98,92.6,91.78,92.19,410012.71,4445.0
CRAA11,D1,27/11/2025,91.78,92.23,91.62,91.63,468165.81,5096.0
CRAA11,D1,26/11/2025,92.13,92.14,91.5,91.64,567154.44,6189.0
CRAA11,D1,25/11/2025,91.83,92.04,91.65,91.68,543433.28,5916.0
CRAA11,D1,24/11/2025,92.4,92.44,91.76,91.76,279239.13,3036.0
CRAA11,D1,21/11/2025,91.96,92.35,91.68,92.35,646026.27,7020.0
CRAA11,D1,19/11/2025,91.57,91.79,90.94,91.79,427904.09,4686.0
CRAA11,D1,18/11/2025,91.7,91.96,90.28,91.13,1121863.78,12310.0
CRAA11,D1,17/11/2025,91.78,92.0,91.18,91.25,979947.51,10707.0
CRAA11,D1,14/11/2025,91.33,91.88,91.3,91.8,424338.25,4631.0
CRAA11,D1,13/11/2025,91.92,92.09,91.19,91.33,1309989.42,14312.0
CRAA11,D1,12/11/2025,92.45,92.67,91.7,92.1,747211.01,8108.0
CRAA11,D1,11/11/2025,92.29,92.75,92.25,92.45,402882.63,4357.0
CRAA11,D1,10/11/2025,92.57,92.68,92.23,92.29,924336.33,9994.0
CRAA11,D1,07/11/2025,92.19,92.57,91.87,92.57,621486.02,6744.0
CRAA11,D1,06/11/2025,92.19,92.19,91.88,91.9,516780.88,5619.0
CRAA11,D1,05/11/2025,92.02,92.14,91.8,92.14,673297.26,7321.0
CRAA11,D1,04/11/2025,92.13,92.18,91.71,91.8,324321.61,3527.0
CRAA11,D1,03/11/2025,91.89,92.1,91.75,92.07,579247.08,6301.0
CRAA11,D1,31/10/2025,92.16,92.28,91.44,91.44,528848.02,5758.0
CRAA11,D1,30/10/2025,91.82,92.0,91.6,91.73,324472.87,3535.0
CRAA11,D1,29/10/2025,91.75,92.19,91.52,91.92,1162492.53,12660.0
CRAA11,D1,28/10/2025,91.8,92.31,91.49,92.2,810941.42,8821.0
CRAA11,D1,27/10/2025,91.49,91.85,91.49,91.59,433889.82,4732.0
CRAA11,D1,24/10/2025,91.91,91.97,91.44,91.49,527523.17,5756.0
CRAA11,D1,23/10/2025,92.0,92.03,91.45,91.95,604092.62,6578.0
CRAA11,D1,22/10/2025,91.92,92.22,91.85,91.91,243359.31,2645.0
CRAA11,D1,21/10/2025,92.1,92.1,91.83,91.93,468774.91,5099.0
CRAA11,D1,20/10/2025,91.98,91.98,91.54,91.89,232484.43,2533.0
CRAA11,D1,17/10/2025,91.92,92.2,91.24,91.53,844861.09,9223.0
CRAA11,D1,16/10/2025,92.07,92.22,91.86,91.92,435788.52,4735.0
CRAA11,D1,15/10/2025,91.86,92.36,91.63,92.12,313117.46,3405.0
CRAA11,D1,14/10/2025,91.73,91.85,91.34,91.45,431105.48,4710.0
CRAA11,D1,13/10/2025,91.92,92.01,91.45,91.68,436904.32,4762.0
CRAA11,D1,10/10/2025,92.22,92.22,91.46,91.48,416085.31,4538.0
CRAA11,D1,09/10/2025,92.11,92.22,91.63,92.22,555112.41,6041.0
CRAA11,D1,08/10/2025,91.48,92.05,91.46,91.67,436726.25,4761.0
CRAA11,D1,07/10/2025,91.4,91.92,91.22,91.92,837518.06,9135.0
CRAA11,D1,06/10/2025,91.21,91.45,90.85,91.21,1627053.61,17837.0
CRAA11,D1,03/10/2025,91.21,91.38,91.07,91.21,376247.33,4124.0
CRAA11,D1,02/10/2025,90.83,91.4,90.82,91.23,569909.11,6253.0
CRAA11,D1,01/10/2025,91.31,91.57,90.5,90.82,1093139.42,12001.0
CRAA11,D1,30/09/2025,90.45,91.31,90.45,91.31,867471.35,9534.0
CRAA11,D1,29/09/2025,90.91,91.18,90.26,90.87,555965.79,6134.0
CRAA11,D1,26/09/2025,90.3,90.73,90.13,90.73,445740.79,4926.0
CRAA11,D1,25/09/2025,90.55,90.55,90.07,90.1,697542.41,7737.0
CRAA11,D1,24/09/2025,90.65,91.18,90.03,90.55,737949.11,8169.0
CRAA11,D1,23/09/2025,90.67,91.08,90.58,90.74,942327.65,10385.0
CRAA11,D1,22/09/2025,91.36,91.36,90.59,90.64,1514820.08,16702.0
CRAA11,D1,19/09/2025,91.17,91.87,91.16,91.36,345308.03,3775.0
CRAA11,D1,18/09/2025,90.94,91.8,90.94,91.5,393137.73,4299.0
CRAA11,D1,17/09/2025,91.33,91.34,90.77,91.34,404941.65,4448.0
CRAA11,D1,16/09/2025,91.38,91.38,90.76,91.2,397847.0,4371.0
CRAA11,D1,15/09/2025,91.31,91.31,90.76,91.07,317805.44,3489.0
CRAA11,D1,12/09/2025,90.67,91.43,90.63,90.88,569584.8,6262.0
CRAA11,D1,11/09/2025,90.64,90.73,90.32,90.67,410982.34,4541.0
CRAA11,D1,10/09/2025,90.5,90.82,90.41,90.64,552524.93,6098.0
CRAA11,D1,09/09/2025,90.42,90.6,90.08,90.5,419013.22,4635.0
CRAA11,D1,08/09/2025,89.78,90.53,89.78,90.15,313292.39,3469.0
CRAA11,D1,05/09/2025,90.04,90.31,90.01,90.02,840671.48,9326.0
CRAA11,D1,04/09/2025,89.92,90.21,89.63,90.01,425243.15,4728.0
CRAA11,D1,03/09/2025,89.6,89.94,89.26,89.92,856046.35,9527.0
CRAA11,D1,02/09/2025,89.56,89.69,89.25,89.63,438462.89,4900.0
CRAA11,D1,01/09/2025,89.53,89.56,89.19,89.45,815790.18,9127.0
CRAA11,D1,29/08/2025,89.55,89.55,89.08,89.53,525230.38,5877.0
CRAA11,D1,28/08/2025,89.55,89.55,89.18,89.55,374813.79,4193.0
CRAA11,D1,27/08/2025,89.4,89.52,89.13,89.52,284933.25,3188.0
CRAA11,D1,26/08/2025,89.09,89.53,88.81,89.08,502528.19,5640.0
CRAA11,D1,25/08/2025,89.34,89.36,88.62,89.09,567321.48,6386.0
CRAA11,D1,22/08/2025,88.82,89.25,88.65,88.92,343285.65,3858.0
CRAA11,D1,21/08/2025,88.8,89.11,88.38,88.38,551442.08,6213.0
CRAA11,D1,20/08/2025,88.64,88.97,88.16,88.57,734948.48,8304.0
CRAA11,D1,19/08/2025,89.55,89.55,88.54,88.57,428406.65,4815.0
CRAA11,D1,18/08/2025,89.04,89.55,89.04,89.44,413901.06,4635.0
CRAA11,D1,15/08/2025,89.18,89.18,88.38,89.02,789144.56,8896.0
CRAA11,D1,14/08/2025,89.18,89.18,89.08,89.18,538032.06,6034.0
CRAA11,D1,13/08/2025,88.71,89.13,88.63,89.13,357013.29,4021.0
CRAA11,D1,12/08/2025,88.8,88.8,88.59,88.8,468259.16,5276.0
CRAA11,D1,11/08/2025,88.8,88.8,88.49,88.76,527281.44,5941.0
CRAA11,D1,08/08/2025,88.8,88.8,88.34,88.67,360075.76,4064.0
CRAA11,D1,07/08/2025,88.23,88.8,88.18,88.79,1217559.82,13744.0
CRAA11,D1,06/08/2025,88.29,88.73,87.93,88.61,1086960.72,12276.0
CRAA11,D1,05/08/2025,88.33,88.39,87.92,88.29,214344.76,2431.0
CRAA11,D1,04/08/2025,88.7,88.7,87.8,87.9,484923.46,5493.0
CRAA11,D1,01/08/2025,88.57,88.69,88.39,88.69,348517.83,3935.0
CRAA11,D1,31/07/2025,88.57,88.57,87.91,88.28,624039.84,7063.0
CRAA11,D1,30/07/2025,87.32,88.71,87.32,88.57,854632.8,9683.0
CRAA11,D1,29/07/2025,88.29,88.29,87.28,87.31,877906.66,9996.0
CRAA11,D1,28/07/2025,88.57,88.57,88.15,88.38,438195.63,4961.0
CRAA11,D1,25/07/2025,88.46,88.46,88.12,88.25,231501.52,2623.0
CRAA11,D1,24/07/2025,88.35,88.66,88.03,88.03,540793.83,6119.0
CRAA11,D1,23/07/2025,87.84,88.39,87.5,87.91,480407.67,5464.0
CRAA11,D1,22/07/2025,87.86,88.2,87.76,87.92,465892.94,5295.0
CRAA11,D1,21/07/2025,88.4,88.52,88.09,88.2,657921.25,7447.0
CRAA11,D1,18/07/2025,88.71,88.71,87.95,88.4,502367.26,5687.0
CRAA11,D1,17/07/2025,88.18,88.71,88.12,88.48,995675.95,11241.0
CRAA11,D1,16/07/2025,88.44,88.44,87.7,88.2,348589.84,3962.0
CRAA11,D1,15/07/2025,88.03,88.38,87.75,88.02,836640.98,9521.0
CRAA11,D1,14/07/2025,88.02,88.33,87.92,88.03,289561.09,3290.0
CRAA11,D1,11/07/2025,88.02,88.02,87.65,87.97,558495.76,6357.0
CRAA11,D1,10/07/2025,88.33,88.33,87.93,88.02,639080.85,7261.0
CRAA11,D1,09/07/2025,88.53,88.53,88.08,88.39,439297.43,4969.0
CRAA11,D1,08/07/2025,88.53,88.53,87.93,88.53,535230.14,6060.0
CRAA11,D1,07/07/2025,88.0,88.53,87.93,88.53,883995.04,10020.0
CRAA11,D1,04/07/2025,87.26,88.0,87.26,88.0,624075.0,7108.0
CRAA11,D1,03/07/2025,87.45,87.72,87.41,87.72,862227.44,9843.0
CRAA11,D1,02/07/2025,87.13,87.45,87.09,87.45,907622.1,10386.0
CRAA11,D1,01/07/2025,86.96,87.17,86.58,87.08,751197.89,8627.0
CRAA11,D1,30/06/2025,86.7,86.97,86.7,86.92,923081.5,10621.0
CRAA11,D1,27/06/2025,86.15,86.74,86.03,86.7,1339961.35,15473.0
CRAA11,D1,26/06/2025,86.15,86.33,85.8,86.33,544283.83,6327.0
CRAA11,D1,25/06/2025,86.15,86.24,85.78,85.97,771933.06,8992.0
CRAA11,D1,24/06/2025,86.31,86.5,85.78,86.06,569008.0,6614.0
CRAA11,D1,23/06/2025,86.3,86.3,85.87,85.88,533035.83,6203.0
CRAA11,D1,20/06/2025,86.31,86.31,85.78,85.88,524419.8,6100.0
CRAA11,D1,18/06/2025,86.09,86.28,85.56,86.0,651352.26,7599.0
CRAA11,D1,17/06/2025,86.13,86.2,85.74,85.87,722417.05,8410.0
CRAA11,D1,16/06/2025,85.82,85.94,85.6,85.78,861380.3,10039.0
CRAA11,D1,13/06/2025,85.62,85.91,85.07,85.52,955832.52,11179.0
CRAA11,D1,12/06/2025,85.24,85.66,84.96,85.62,508119.14,5943.0
CRAA11,D1,11/06/2025,85.35,85.63,84.93,85.24,280311.91,3282.0
CRAA11,D1,10/06/2025,85.74,85.74,84.77,84.99,491974.76,5777.0
CRAA11,D1,09/06/2025,86.25,86.25,85.59,85.87,699042.49,8140.0
CRAA11,D1,06/06/2025,85.74,85.83,85.31,85.83,1526051.68,17811.0
CRAA11,D1,05/06/2025,85.65,85.74,85.31,85.47,368826.51,4312.0
CRAA11,D1,04/06/2025,85.74,85.74,85.41,85.56,363371.67,4249.0
CRAA11,D1,03/06/2025,85.74,85.74,85.55,85.7,561743.65,6554.0
CRAA11,D1,02/06/2025,85.65,85.74,85.47,85.74,227199.92,2653.0
CRAA11,D1,30/05/2025,85.09,85.65,85.03,85.3,405252.72,4752.0
CRAA11,D1,29/05/2025,85.74,85.74,84.77,85.24,712100.56,8380.0
CRAA11,D1,28/05/2025,85.33,85.65,85.29,85.65,468457.02,5478.0
CRAA11,D1,27/05/2025,85.47,85.57,84.82,85.29,552510.07,6481.0
CRAA11,D1,26/05/2025,85.17,85.47,84.93,85.45,783826.68,9183.0
CRAA11,D1,23/05/2025,85.05,85.47,84.75,84.75,971450.54,11402.0
CRAA11,D1,22/05/2025,85.42,85.42,84.59,84.63,620886.83,7314.0
CRAA11,D1,21/05/2025,85.25,85.46,84.6,85.42,802544.6,9441.0
CRAA11,D1,20/05/2025,84.83,85.47,84.83,85.47,353162.79,4148.0
CRAA11,D1,19/05/2025,85.47,85.47,84.23,85.26,1480857.5,17428.0
CRAA11,D1,16/05/2025,85.2,85.51,84.21,85.47,953496.44,11210.0
CRAA11,D1,15/05/2025,84.69,85.15,84.21,85.15,535958.21,6332.0
CRAA11,D1,14/05/2025,84.06,84.54,83.32,83.86,471640.35,5607.0
CRAA11,D1,13/05/2025,84.35,85.09,83.16,83.75,991039.93,11850.0
CRAA11,D1,12/05/2025,84.66,85.2,84.23,84.23,746260.16,8791.0
CRAA11,D1,09/05/2025,84.29,84.66,84.12,84.66,299078.45,3540.0
CRAA11,D1,08/05/2025,83.89,84.15,83.65,83.87,727487.28,8682.0
CRAA11,D1,07/05/2025,83.31,83.89,83.31,83.89,394291.43,4712.0
CRAA11,D1,06/05/2025,83.24,83.44,82.75,83.08,382226.73,4595.0
CRAA11,D1,05/05/2025,83.47,83.89,81.92,82.83,1124535.49,13482.0
CRAA11,D1,02/05/2025,83.36,83.62,83.15,83.46,227591.02,2730.0
CRAA11,D1,30/04/2025,82.93,83.36,82.83,83.36,343709.5,4137.0
CRAA11,D1,29/04/2025,82.91,83.09,82.84,82.91,432043.06,5212.0
CRAA11,D1,28/04/2025,82.75,83.08,82.42,82.91,254066.66,3071.0
CRAA11,D1,25/04/2025,82.01,83.06,82.01,82.34,851750.61,10311.0
CRAA11,D1,24/04/2025,81.18,82.01,81.18,82.01,598627.59,7345.0
CRAA11,D1,23/04/2025,82.29,82.29,80.69,81.0,1155582.62,14188.0
CRAA11,D1,22/04/2025,82.02,82.29,81.83,82.02,433470.82,5283.0
CRAA11,D1,17/04/2025,81.93,82.02,81.67,82.02,443959.64,5425.0
CRAA11,D1,16/04/2025,81.93,81.93,81.4,81.92,775891.93,9488.0
CRAA11,D1,15/04/2025,81.4,81.92,81.4,81.92,367978.3,4509.0
CRAA11,D1,14/04/2025,80.86,81.6,80.85,81.6,268682.35,3306.0
CRAA11,D1,11/04/2025,80.15,80.78,80.15,80.78,273581.51,3402.0
CRAA11,D1,10/04/2025,79.97,80.38,79.97,80.38,146733.15,1831.0
CRAA11,D1,09/04/2025,79.53,80.28,79.53,79.79,324142.25,4053.0
CRAA11,D1,08/04/2025,80.92,81.26,79.49,79.49,1309264.81,16256.0
CRAA11,D1,07/04/2025,81.28,81.28,79.89,80.06,790324.26,9835.0
CRAA11,D1,04/04/2025,81.82,81.82,80.07,80.89,465896.6,5739.0
CRAA11,D1,03/04/2025,80.94,81.6,80.94,81.6,418743.17,5162.0
CRAA11,D1,02/04/2025,81.16,81.16,80.28,80.92,451539.6,5601.0
CRAA11,D1,01/04/2025,81.15,81.82,80.28,81.16,942869.61,11622.0
CRAA11,D1,31/03/2025,81.47,81.81,81.11,81.16,526224.87,6460.0
CRAA11,D1,28/03/2025,80.85,81.6,80.85,81.6,510186.6,6276.0
CRAA11,D1,27/03/2025,80.66,81.12,80.55,80.72,313134.59,3874.0
CRAA11,D1,26/03/2025,81.16,81.16,80.24,80.46,706778.11,8772.0
CRAA11,D1,25/03/2025,80.85,81.16,80.29,81.0,655069.75,8116.0
CRAA11,D1,24/03/2025,81.38,81.38,80.15,80.26,738649.04,9152.0
CRAA11,D1,21/03/2025,80.77,81.37,80.53,81.37,641144.38,7924.0
CRAA11,D1,20/03/2025,80.88,81.37,79.23,80.77,955931.61,11877.0
CRAA11,D1,19/03/2025,81.38,81.38,80.69,80.78,536504.63,6635.0
CRAA11,D1,18/03/2025,80.41,81.38,80.33,81.38,1054107.88,13067.0
CRAA11,D1,17/03/2025,80.72,80.94,80.28,80.33,431084.4,5346.0
CRAA11,D1,14/03/2025,80.5,81.28,80.41,80.72,396476.81,4907.0
CRAA11,D1,13/03/2025,80.12,80.44,79.63,80.43,321208.05,4017.0
CRAA11,D1,12/03/2025,80.06,80.28,79.64,79.67,279037.92,3492.0
CRAA11,D1,11/03/2025,79.58,79.95,79.32,79.8,249764.9,3134.0
CRAA11,D1,10/03/2025,79.1,79.54,78.69,79.54,347561.98,4403.0
CRAA11,D1,07/03/2025,78.89,79.1,78.02,78.67,278579.85,3544.0
CRAA11,D1,06/03/2025,77.89,80.41,77.68,78.67,705565.16,8966.0
CRAA11,D1,05/03/2025,77.87,77.96,77.36,77.69,212409.62,2733.0
CRAA11,D1,28/02/2025,78.08,78.08,77.36,77.96,299845.66,3855.0
CRAA11,D1,27/02/2025,77.39,78.03,77.14,78.03,372214.63,4791.0
CRAA11,D1,26/02/2025,77.48,78.44,76.37,77.36,1193134.44,15493.0
CRAA11,D1,25/02/2025,78.35,78.35,77.36,77.36,309371.16,3972.0
CRAA11,D1,24/02/2025,77.45,78.35,76.49,78.23,516160.64,6625.0
CRAA11,D1,21/02/2025,77.84,78.45,77.29,77.45,492572.61,6328.0
CRAA11,D1,20/02/2025,76.97,77.89,76.95,77.84,481686.6,6209.0
CRAA11,D1,19/02/2025,76.63,77.91,76.63,77.84,514359.4,6657.0
CRAA11,D1,18/02/2025,77.36,77.36,76.29,77.09,1006732.32,13081.0
CRAA11,D1,17/02/2025,76.49,77.89,76.04,77.08,725425.31,9452.0
CRAA11,D1,14/02/2025,75.31,76.49,75.16,76.49,316507.41,4162.0
CRAA11,D1,13/02/2025,75.18,75.41,74.58,75.31,666874.99,8888.0
CRAA11,D1,12/02/2025,74.89,75.17,74.35,75.16,502952.87,6727.0
CRAA11,D1,11/02/2025,74.96,75.19,74.06,74.93,1047859.36,14053.0
CRAA11,D1,10/02/2025,74.96,75.19,73.89,74.96,1105130.81,14815.0
CRAA11,D1,07/02/2025,73.59,74.96,73.51,74.96,1024908.5,13774.0
CRAA11,D1,06/02/2025,73.09,73.38,72.09,73.38,1370034.65,18822.0
CRAA11,D1,05/02/2025,73.1,73.12,72.54,73.09,726555.54,9991.0
CRAA11,D1,04/02/2025,73.04,73.1,71.69,73.1,1283420.2,17692.0
CRAA11,D1,03/02/2025,72.1,74.24,72.1,73.1,996499.21,13635.0
CRAA11,D1,31/01/2025,70.66,72.7,70.66,72.7,540698.76,7512.0
CRAA11,D1,30/01/2025,72.1,72.36,70.6,72.36,1073489.84,15031.0
CRAA11,D1,29/01/2025,71.67,72.1,70.6,72.1,1161176.87,16327.0
CRAA11,D1,28/01/2025,73.03,73.39,70.64,72.09,1619135.47,22556.0
CRAA11,D1,27/01/2025,73.16,73.16,71.07,72.99,2141687.96,29706.0
CRAA11,D1,24/01/2025,73.23,73.82,72.11,73.13,1021098.8,13979.0
CRAA11,D1,23/01/2025,73.82,73.86,73.22,73.81,888062.53,12107.0
CRAA11,D1,22/01/2025,74.26,74.46,73.21,73.82,764641.76,10405.0
CRAA11,D1,21/01/2025,74.67,74.71,73.8,74.26,992448.75,13398.0
CRAA11,D1,20/01/2025,75.02,75.02,74.07,75.0,812824.45,10940.0
CRAA11,D1,17/01/2025,74.45,75.02,74.07,75.02,905547.18,12192.0
CRAA11,D1,16/01/2025,74.91,77.99,74.24,75.06,985491.22,13145.0
CRAA11,D1,15/01/2025,74.67,74.93,74.24,74.91,1091607.33,14660.0
CRAA11,D1,14/01/2025,74.89,74.93,74.08,74.93,495196.2,6645.0
CRAA11,D1,13/01/2025,74.94,75.1,74.07,74.93,1840569.97,24742.0
CRAA11,D1,10/01/2025,74.89,75.52,74.24,74.93,1139674.93,15202.0
CRAA11,D1,09/01/2025,74.89,75.01,74.2,74.89,2730111.1,36687.0
CRAA11,D1,08/01/2025,75.28,75.52,74.48,74.68,566231.31,7563.0
CRAA11,D1,07/01/2025,75.1,75.44,75.1,75.28,219942.42,2918.0
CRAA11,D1,06/01/2025,75.6,75.95,75.1,75.1,373706.99,4945.0
CRAA11,D1,03/01/2025,75.33,76.14,75.18,75.6,496849.53,6572.0
CRAA11,D1,02/01/2025,75.95,75.96,75.31,75.31,272469.31,3606.0
CRAA11,D1,30/12/2024,76.17,76.58,74.02,75.94,711578.9,9469.0
CRAA11,D1,27/12/2024,74.67,76.04,74.67,76.04,218863.54,2909.0
CRAA11,D1,26/12/2024,75.09,75.53,74.67,75.1,332602.48,4432.0
CRAA11,D1,23/12/2024,73.31,76.63,72.97,75.09,988958.82,13212.0
CRAA11,D1,20/12/2024,72.96,72.96,71.05,72.93,988836.49,13809.0
CRAA11,D1,19/12/2024,72.11,72.54,70.41,72.11,1380936.85,19452.0
CRAA11,D1,18/12/2024,73.33,73.33,71.43,72.1,1149643.84,15997.0
CRAA11,D1,17/12/2024,74.33,74.67,72.97,73.01,896081.3,12213.0
CRAA11,D1,16/12/2024,74.25,75.23,73.56,74.33,663572.92,8933.0
CRAA11,D1,13/12/2024,73.22,74.02,72.99,73.56,1322611.46,18030.0
CRAA11,D1,12/12/2024,73.09,73.56,73.0,73.39,1104646.76,15101.0
CRAA11,D1,11/12/2024,72.88,73.61,72.33,73.58,1071494.13,14730.0
CRAA11,D1,10/12/2024,72.57,73.14,72.14,72.57,1142571.53,15757.0
CRAA11,D1,09/12/2024,73.2,73.39,71.46,72.57,2309830.4,31863.0
CRAA11,D1,06/12/2024,73.35,74.41,73.35,73.58,924377.2,12523.0
CRAA11,D1,05/12/2024,75.53,75.97,73.14,73.56,1096332.62,14690.0
CRAA11,D1,04/12/2024,78.21,78.43,75.42,75.52,782521.88,10189.0
CRAA11,D1,03/12/2024,79.27,79.69,77.37,78.05,709771.35,9049.0
CRAA11,D1,02/12/2024,79.91,80.33,78.85,78.93,488752.17,6151.0
CRAA11,D1,29/11/2024,80.54,81.12,79.16,79.7,1421043.74,17763.0
CRAA11,D1,28/11/2024,82.43,82.44,80.13,80.33,808825.28,9959.0
CRAA11,D1,27/11/2024,82.97,82.97,80.78,82.17,1170717.72,14333.0
CRAA11,D1,26/11/2024,83.71,83.71,82.44,82.59,632621.79,7623.0
CRAA11,D1,25/11/2024,84.55,84.55,82.97,83.08,791014.79,9442.0
CRAA11,D1,22/11/2024,84.77,84.91,83.71,83.88,615645.85,7329.0
CRAA11,D1,21/11/2024,84.51,85.3,84.13,84.13,752335.71,8886.0
CRAA11,D1,19/11/2024,84.7,84.98,84.13,84.47,368425.99,4359.0
CRAA11,D1,18/11/2024,86.2,86.53,84.57,84.69,981799.47,11555.0
CRAA11,D1,14/11/2024,86.25,86.25,84.4,86.2,1603158.29,18761.0
CRAA11,D1,13/11/2024,85.57,86.53,84.98,86.18,1132178.01,13178.0
CRAA11,D1,12/11/2024,86.05,86.75,85.49,85.57,1899347.5,22036.0
CRAA11,D1,11/11/2024,84.56,86.67,84.48,86.05,1551081.01,18071.0
CRAA11,D1,08/11/2024,84.11,84.89,84.11,84.56,582750.86,6894.0
CRAA11,D1,07/11/2024,84.64,84.95,84.02,84.95,1482922.25,17532.0
CRAA11,D1,06/11/2024,83.68,84.65,83.52,83.92,1357216.53,16141.0
CRAA11,D1,05/11/2024,84.85,84.85,83.0,83.54,1253933.5,14942.0
CRAA11,D1,04/11/2024,84.85,84.85,84.38,84.85,1032278.36,12197.0
CRAA11,D1,01/11/2024,85.01,85.35,84.32,84.85,895738.31,10539.0
CRAA11,D1,31/10/2024,84.16,85.15,84.16,84.92,686417.63,8092.0
CRAA11,D1,30/10/2024,84.52,85.34,83.83,84.77,1034383.1,12236.0
CRAA11,D1,29/10/2024,85.0,85.61,83.68,85.36,1303607.03,15333.0
CRAA11,D1,28/10/2024,84.47,85.56,83.68,84.52,1321984.07,15640.0
CRAA11,D1,25/10/2024,82.38,84.48,82.36,83.64,879419.05,10550.0
CRAA11,D1,24/10/2024,82.84,83.53,82.15,82.3,704065.16,8518.0
CRAA11,D1,23/10/2024,84.64,84.64,82.5,82.87,779384.97,9326.0
CRAA11,D1,22/10/2024,83.92,84.77,82.16,84.11,1051227.02,12511.0
CRAA11,D1,21/10/2024,83.89,84.14,82.95,83.92,1098787.2,13137.0
CRAA11,D1,18/10/2024,82.93,83.89,82.84,83.89,1097449.51,13145.0
CRAA11,D1,17/10/2024,83.66,83.68,82.84,83.67,647026.66,7758.0
CRAA11,D1,16/10/2024,84.77,84.94,83.26,83.68,1383652.48,16455.0
CRAA11,D1,15/10/2024,84.36,84.94,83.1,84.77,684582.89,8090.0
CRAA11,D1,14/10/2024,82.75,84.87,82.69,84.84,716843.01,8591.0
CRAA11,D1,11/10/2024,82.63,82.92,82.48,82.76,904315.72,10936.0
CRAA11,D1,10/10/2024,82.49,82.64,81.56,82.01,1248354.54,15177.0
CRAA11,D1,09/10/2024,82.19,83.01,81.85,82.49,1177313.92,14262.0
CRAA11,D1,08/10/2024,82.78,82.84,82.13,82.16,1495344.81,18134.0
CRAA11,D1,07/10/2024,82.81,83.5,82.07,82.07,1685848.87,20357.0
CRAA11,D1,04/10/2024,83.61,83.79,82.7,82.8,1865453.76,22469.0
CRAA11,D1,03/10/2024,83.53,83.82,83.19,83.61,1253199.55,15005.0
CRAA11,D1,02/10/2024,83.81,84.04,83.32,83.53,837729.42,10023.0
CRAA11,D1,01/10/2024,85.28,85.28,83.09,83.29,1705052.13,20358.0
CRAA11,D1,30/09/2024,85.2,85.42,84.86,84.91,479677.92,5639.0
CRAA11,D1,27/09/2024,85.62,85.62,85.28,85.44,845743.76,9909.0
CRAA11,D1,26/09/2024,85.82,85.86,85.38,85.62,506333.7,5920.0
CRAA11,D1,25/09/2024,85.97,85.97,85.45,85.84,915019.43,10691.0
CRAA11,D1,24/09/2024,85.9,85.97,85.45,85.97,1143840.4,13365.0
CRAA11,D1,23/09/2024,85.61,86.02,85.45,85.94,1040763.33,12154.0
CRAA11,D1,20/09/2024,85.83,86.1,85.52,86.02,662124.09,7729.0
CRAA11,D1,19/09/2024,85.78,85.82,85.45,85.63,875473.83,10228.0
CRAA11,D1,18/09/2024,86.07,86.11,85.39,85.53,1662358.4,19430.0
CRAA11,D1,17/09/2024,85.53,86.1,85.3,85.85,904903.91,10560.0
CRAA11,D1,16/09/2024,86.11,86.11,85.49,85.68,866903.14,10126.0
CRAA11,D1,13/09/2024,85.98,86.93,85.44,85.89,1510762.84,17620.0
CRAA11,D1,12/09/2024,86.02,86.02,85.44,86.01,862697.68,10086.0
CRAA11,D1,11/09/2024,86.01,86.1,85.36,85.68,792648.41,9249.0
CRAA11,D1,10/09/2024,85.91,86.02,85.73,85.89,1134433.37,13219.0
CRAA11,D1,09/09/2024,85.63,86.09,85.63,85.78,569757.88,6639.0
CRAA11,D1,06/09/2024,86.51,86.76,85.54,85.54,1314000.36,15273.0
CRAA11,D1,05/09/2024,86.86,87.23,86.23,86.85,938126.17,10820.0
CRAA11,D1,04/09/2024,86.79,86.92,86.35,86.86,1082396.49,12480.0
CRAA11,D1,03/09/2024,86.1,87.33,86.08,86.78,1403150.71,16187.0
CRAA11,D1,02/09/2024,86.02,86.1,85.69,86.1,911948.98,10600.0
CRAA11,D1,30/08/2024,85.94,86.1,85.69,85.93,1139530.91,13245.0
CRAA11,D1,29/08/2024,85.57,86.01,85.29,85.94,1163054.86,13582.0
CRAA11,D1,28/08/2024,85.21,85.68,85.2,85.65,910790.3,10662.0
CRAA11,D1,27/08/2024,85.23,85.65,84.95,85.17,1451642.75,17053.0
CRAA11,D1,26/08/2024,85.7,85.71,84.86,85.17,2817996.52,33117.0
CRAA11,D1,23/08/2024,85.94,86.07,85.28,85.69,1167514.86,13631.0
CRAA11,D1,22/08/2024,85.42,85.98,85.31,85.97,1074732.76,12551.0
CRAA11,D1,21/08/2024,85.36,85.53,85.03,85.47,924880.9,10848.0
CRAA11,D1,20/08/2024,85.12,85.57,84.55,84.95,2104053.25,24727.0
CRAA11,D1,19/08/2024,85.28,85.36,85.09,85.09,733793.13,8609.0
CRAA11,D1,16/08/2024,85.36,85.36,85.14,85.36,984515.0,11544.0
CRAA11,D1,15/08/2024,85.22,85.36,84.96,85.36,1228827.97,14421.0
CRAA11,D1,14/08/2024,84.51,85.36,84.51,85.2,1743264.93,20498.0
CRAA11,D1,13/08/2024,85.64,86.06,84.46,84.46,2801447.54,32956.0
CRAA11,D1,12/08/2024,86.92,88.54,85.49,85.49,6275964.53,72951.0
CRAA11,D1,09/08/2024,92.83,92.83,90.41,90.41,579227.62,6343.0
CRAA11,D1,08/08/2024,93.19,93.47,91.64,92.86,738419.05,7978.0
CRAA11,D1,07/08/2024,93.19,93.61,92.0,93.18,911770.83,9843.0
CRAA11,D1,06/08/2024,93.48,93.52,92.39,92.83,363266.06,3909.0
CRAA11,D1,05/08/2024,92.15,93.6,89.75,93.39,436519.15,4739.0
CRAA11,D1,02/08/2024,88.96,92.52,88.52,92.15,322991.0,3571.0
CRAA11,D1,01/08/2024,87.4,89.37,87.4,89.37,360286.59,4084.0
CRAA11,D1,31/07/2024,87.56,87.91,86.65,87.4,61603.05,704.0
CRAA11,D1,30/07/2024,86.27,87.66,86.27,87.56,147706.39,1692.0
CRAA11,D1,29/07/2024,86.92,88.08,86.25,86.25,234957.61,2702.0
CRAA11,D1,26/07/2024,88.37,88.37,86.89,87.98,101179.6,1153.0
CRAA11,D1,25/07/2024,86.08,87.49,85.98,87.24,649854.92,7460.0
CRAA11,D1,24/07/2024,88.04,88.04,85.32,85.32,1130920.93,13217.0
CRAA11,D1,23/07/2024,88.55,89.75,86.53,88.04,122906.6,1389.0
CRAA11,D1,22/07/2024,88.87,89.15,88.24,88.55,149305.61,1680.0
CRAA11,D1,19/07/2024,88.35,88.87,88.07,88.83,112548.32,1275.0
CRAA11,D1,18/07/2024,88.1,88.43,87.48,88.31,240100.84,2723.0
CRAA11,D1,17/07/2024,87.34,88.51,87.19,88.1,205151.36,2329.0
CRAA11,D1,16/07/2024,86.48,88.7,85.92,87.43,536868.25,6162.0
CRAA11,D1,15/07/2024,85.9,86.53,85.88,86.49,127507.19,1478.0
CRAA11,D1,12/07/2024,85.71,86.36,84.52,85.8,247260.29,2881.0
CRAA11,D1,11/07/2024,86.04,86.92,84.54,85.95,253463.82,2956.0
CRAA11,D1,10/07/2024,86.06,87.14,86.04,86.04,232752.89,2684.0
CRAA11,D1,09/07/2024,85.18,89.76,85.18,86.47,365156.34,4145.0
CRAA11,D1,08/07/2024,86.07,89.64,84.97,86.76,296911.73,3435.0
CRAA11,D1,05/07/2024,85.47,91.17,85.43,86.86,276591.12,3191.0
CRAA11,D1,04/07/2024,83.68,85.65,83.68,85.47,189394.48,2225.0
CRAA11,D1,03/07/2024,84.61,85.54,83.68,83.68,222724.43,2641.0
CRAA11,D1,02/07/2024,84.37,84.73,83.42,84.69,138271.44,1648.0
CRAA11,D1,01/07/2024,85.89,85.89,83.57,83.58,171065.22,2040.0
CRAA11,D1,28/06/2024,83.49,86.76,83.49,85.89,497955.19,5839.0
CRAA11,D1,27/06/2024,82.61,84.59,82.31,83.49,377906.94,4558.0
CRAA11,D1,26/06/2024,81.84,82.69,81.84,82.25,165967.4,2023.0
CRAA11,D1,25/06/2024,82.61,82.61,81.42,81.84,658790.45,8033.0
CRAA11,D1,24/06/2024,83.05,83.05,81.81,82.61,393947.33,4798.0
CRAA11,D1,21/06/2024,82.32,83.17,82.32,82.37,437764.44,5288.0
CRAA11,D1,20/06/2024,82.37,83.05,82.32,82.32,150507.51,1820.0
CRAA11,D1,19/06/2024,83.02,83.18,82.01,82.56,438036.11,5308.0
CRAA11,D1,18/06/2024,84.33,84.33,83.18,83.18,150819.51,1808.0
CRAA11,D1,17/06/2024,83.57,84.33,83.21,84.29,183186.23,2178.0
CRAA11,D1,14/06/2024,84.17,84.33,83.17,83.73,419002.14,4990.0
CRAA11,D1,13/06/2024,82.45,82.88,81.3,82.5,330756.6,4003.0
CRAA11,D1,12/06/2024,82.65,82.69,82.3,82.69,52883.96,640.0
CRAA11,D1,11/06/2024,82.42,82.65,82.42,82.61,291999.53,3540.0
CRAA11,D1,10/06/2024,82.42,82.42,81.99,82.42,72680.74,883.0
