symbol,timeframe,time,open,high,low,close,volume,quantity,sma_20,sma_50,ema_8,ema_21,ema_55,rsi_14,atr_14,atr_pct,bb_upper,bb_lower,bb_position,donchian_high_20,donchian_low_20,donchian_position,macd,macd_signal,fibo_382,fibo_500,fibo_618,fibo_zone,trigger_long_wick_rejection,trigger_bullish_engulfing,trend_proxy,volatility_proxy
M2RV34,D1,2024-01-07,38.95,39.01,38.95,39.01,4095.57,105.0,,,39.01,39.01,39.01,,,,,,,,,,0.0,0.0,,,,NONE,0,0,RANGE,NORMAL_VOL
M2RV34,D1,2024-01-08,37.17,37.17,37.17,37.17,111.51,3.0,,,38.60111111111111,38.842727272727274,38.94428571428571,,,,,,,,,,-0.1467806267806182,-0.02935612535612364,,,,NONE,0,0,TREND_DOWN,NORMAL_VOL
M2RV34,D1,2024-01-10,38.88,38.88,38.88,38.88,38.88,1.0,,,38.663086419753085,38.84611570247934,38.94198979591837,,,,,,,,,,-0.12369672324087588,-0.04822424493307409,,,,NONE,0,0,TREND_DOWN,NORMAL_VOL
M2RV34,D1,2024-01-11,48.47,50.62,48.47,49.6,45048.63,908.0,,,41.09351165980796,39.82374154770849,39.32263301749271,,,,,,,,,,0.7509553005950025,0.11161166417254124,,,,NONE,0,0,TREND_UP,NORMAL_VOL
M2RV34,D1,2024-02-07,40.23,40.57,40.01,40.29,2215.19,55.0,,,40.91495351318397,39.866128679734985,39.35718183829654,,,,,,,,,,0.6849880223969578,0.22628693581742454,,,,NONE,0,0,TREND_UP,NORMAL_VOL
M2RV34,D1,2024-02-09,41.81,41.81,41.81,41.81,752.6,18.0,,,41.11385273247642,40.04284425430453,39.44478248692881,,,,,,,,,,0.746751687371173,0.33037988612817426,,,,NONE,0,0,TREND_UP,NORMAL_VOL
M2RV34,D1,2024-02-10,39.44,39.44,39.44,39.44,118.31,3.0,,,40.74188545859277,39.98804023118594,39.444611683824206,,,,,,,,,,0.5975722033780784,0.3838183495781551,,,,NONE,0,0,TREND_UP,NORMAL_VOL
M2RV34,D1,2024-02-12,54.96,58.66,54.96,58.11,119686.82,2047.0,,,44.601466467794374,41.635491119259946,40.1112326951162,,,,,,,,,,1.9632284799831794,0.69970037565916,,,,NONE,0,0,TREND_UP,NORMAL_VOL
M2RV34,D1,2024-03-07,40.65,40.65,40.41,40.41,1374.49,34.0,,,43.67002947495118,41.524082835690855,40.12190295600491,,,,,,,,,,1.5988483151582926,0.8795299635589866,,,,NONE,0,0,TREND_UP,NORMAL_VOL
M2RV34,D1,2024-03-12,59.85,60.15,57.46,57.93,398233.8,6813.0,,,46.83891181385092,43.01552985062805,40.757906421861875,,,,,,,,,,2.692751624025888,1.242174295652367,,,,NONE,0,0,TREND_UP,NORMAL_VOL
M2RV34,D1,2024-04-07,40.03,40.03,40.03,40.03,120.1,3.0,,,45.32582029966183,42.7441180460255,40.73190976393824,,,,,,,,,,2.0911915198734192,1.4119777404965774,,,,NONE,0,0,TREND_UP,NORMAL_VOL
M2RV34,D1,2024-04-09,39.76,39.76,39.76,39.76,39.76,1.0,,,44.08897134418142,42.47283458729591,40.69719870094045,,,,,,,,,,1.5745140420346218,1.4444850008041863,,,,NONE,0,0,TREND_UP,NORMAL_VOL
M2RV34,D1,2024-04-10,40.87,40.87,40.03,40.06,641.69,16.0,,,43.19364437880777,42.25348598845082,40.67444160447829,,,,,,,,,,1.1756981942459817,1.3907276394925454,,,,NONE,0,0,TREND_UP,NORMAL_VOL
M2RV34,D1,2024-04-11,48.62,49.42,48.62,49.12,1176.4,24.0,,,44.51061229462827,42.877714534955295,40.97606869003264,,8.152142857142858,0.16596382038157284,,,,,,,1.572572408152375,1.4270965932245114,,,,NONE,0,0,TREND_UP,NORMAL_VOL
M2RV34,D1,2024-04-12,63.98,71.89,63.98,71.59,866129.25,12592.0,,,50.528254006933096,45.487922304504814,42.06942337967433,62.401035322777105,9.774285714285714,0.13653143894797756,,,,,,,3.6580713232282847,1.873291539225266,,,,NONE,0,0,TREND_UP,NORMAL_VOL
M2RV34,D1,2024-05-07,40.03,40.03,40.03,40.03,320.27,8.0,,,48.19530867205907,44.99174754954983,41.996586830400254,50.887757635957286,11.897142857142857,0.29720566717818775,,,,,,,2.7327149595615126,2.0451762232925152,,,,NONE,0,0,TREND_UP,NORMAL_VOL
M2RV34,D1,2024-05-09,39.61,39.61,39.61,39.61,198.03,5.0,,,46.28746230049039,44.50249777231802,41.91135158645739,50.22842480755993,11.805000000000003,0.29803080030295387,,,,,,,1.9430743332179006,2.0247558452775922,,,,NONE,0,0,TREND_UP,NORMAL_VOL
M2RV34,D1,2024-05-11,48.13,50.87,48.13,50.02,161771.89,3219.0,,,47.11691512260364,45.004088883925476,42.20094617265534,50.13167795334839,11.770714285714288,0.23532015765122524,,,,,,,2.1326940780117383,2.0463434918244214,,,,NONE,0,0,TREND_UP,NORMAL_VOL
M2RV34,D1,2024-05-12,70.8,70.8,67.16,67.91,112194.56,1638.0,,,51.73760065091395,47.08644443993225,43.11912666648908,58.21730334404379,12.570000000000002,0.18509792372257403,,,,,,,3.684074857231842,2.373889764905906,,,,NONE,0,0,TREND_UP,NORMAL_VOL
M2RV34,D1,2024-06-08,37.17,37.17,37.17,37.17,408.88,11.0,45.8975,,48.50035606182196,46.1849494908475,42.90665785697161,48.824006488240066,14.657142857142858,0.3943272224143895,66.56421453022188,25.230785469778123,0.2888512954674683,71.89,37.17,0.0,2.4053666374500793,2.3801851394147406,,,,NONE,0,0,TREND_UP,NORMAL_VOL
M2RV34,D1,2024-06-09,37.12,37.12,37.12,37.12,148.48,4.0,45.803000000000004,,45.97138804808375,45.36086317349773,42.69999150493691,49.40500615510874,14.491428571428571,0.39039408866995073,66.61906373629952,24.98693626370048,0.29143511208465434,71.89,37.12,0.0,1.3721295235190638,2.1785740162356055,,,,NONE,0,0,TREND_UP,NORMAL_VOL
M2RV34,D1,2024-06-11,51.42,52.47,50.97,51.67,127522.38,2495.0,46.528000000000006,,47.23774625962069,45.934421066816114,43.02034895118916,48.31272269964368,14.215000000000002,0.2751112831430231,67.08649636115392,25.96950363884609,0.6250577841314312,71.89,37.12,0.41846419327006046,1.707660223162641,2.0843912576210126,,,,NONE,0,0,TREND_UP,NORMAL_VOL
M2RV34,D1,2024-06-12,68.28,69.82,67.86,69.44,30500.52,442.0,48.056000000000004,,52.171580424149425,48.07129187892374,43.96390791721812,57.60305903305222,14.247142857142856,0.20517198815009874,70.66185895177108,25.45014104822893,0.9729747284901255,71.89,37.12,0.9295369571469657,3.368629743132253,2.341238954723261,,,,NONE,0,0,TREND_UP,NORMAL_VOL
M2RV34,D1,2024-07-08,33.03,33.03,31.85,31.85,850536.37,25813.0,47.1685,,47.65567366322733,46.59662898083976,43.53126834874605,43.819319366764624,15.522142857142855,0.48735142408611787,70.88554008780008,23.45145991219993,0.1770570875773035,71.89,31.85,0.0,1.6329377175456798,2.199578707287745,,,,NONE,0,0,TREND_UP,NORMAL_VOL
M2RV34,D1,2024-07-10,40.59,40.59,40.43,40.43,121.46,3.0,47.1755,,46.04996840473237,46.036026346217966,43.42050876486227,50.09917683229198,14.867857142857142,0.3677431892865976,70.88407315514013,23.466926844859863,0.35774133357035154,71.89,31.85,0.21428571428571425,0.938900515532886,1.9474430689367734,,,,NONE,0,0,TREND_UP,NORMAL_VOL
M2RV34,D1,2024-07-11,51.72,53.22,51.72,53.11,1746.62,33.0,47.740500000000004,,47.61886431479184,46.67911486019815,43.76656202326004,53.118138926519364,15.762142857142857,0.29678295720472336,71.44927383674883,24.031726163251186,0.6132386692996585,71.89,31.85,0.5309690309690309,1.3959494254598113,1.8371443402413812,,,,NONE,0,0,TREND_UP,NORMAL_VOL
M2RV34,D1,2024-08-07,39.51,41.17,39.51,41.17,8380.07,205.0,47.827,,46.18578335594921,46.17828623654377,43.67382766528647,50.24589074476098,16.654285714285713,0.4045247926715014,71.42060671653948,24.23339328346052,0.35892364656283476,71.89,31.85,0.23276723276723277,0.7856492902121346,1.626845330235532,,,,NONE,0,0,TREND_UP,NORMAL_VOL
M2RV34,D1,2024-08-08,32.57,33.92,32.57,33.92,35013.74,1033.0,46.6175,,43.46005372129383,45.06389657867616,43.32547667724052,46.60562751228227,16.6,0.48938679245283023,70.4702658111613,22.764734188838705,0.23383589767903293,71.89,31.85,0.0516983016983017,-0.27980693301852,1.2455148775847216,,,,NONE,0,0,TREND_UP,NORMAL_VOL
M2RV34,D1,2024-08-10,40.46,40.46,40.46,40.46,849.74,21.0,46.62,,42.79337511656187,44.64536052606923,43.223138224481936,42.515747463576474,15.440714285714284,0.3816291222371301,70.4700367427721,22.769963257227907,0.37085973773464254,71.89,31.85,0.21503496503496503,-0.5896679975665506,0.8784783025544671,,,,NONE,0,0,TREND_UP,NORMAL_VOL
M2RV34,D1,2024-08-11,54.91,54.91,54.07,54.26,24248.95,447.0,46.4365,,45.341513979548125,45.51941866006293,43.617311859321866,53.74060249198255,14.218571428571426,0.26204517929545573,69.97457779568649,22.898422204313515,0.666188166848393,71.89,31.85,0.5596903096903096,0.27513792619287614,0.757810227282149,,,,NONE,0,0,TREND_UP,NORMAL_VOL
M2RV34,D1,2024-09-07,40.41,40.41,40.41,40.41,40.41,1.0,46.4555,,44.245621984092985,45.05492605460266,43.50276500720322,50.19642506383814,15.177857142857144,0.37559656379255496,69.97240766907481,22.938592330925196,0.37146481831133865,71.89,31.85,0.21378621378621368,-0.15528635492088227,0.5751909108415428,,,,NONE,0,0,TREND_UP,NORMAL_VOL
M2RV34,D1,2024-09-08,33.51,33.51,33.17,33.46,7169.79,214.0,46.140499999999996,,41.848817098738984,44.0008418678206,43.144094828374534,45.86372264961535,14.890714285714283,0.4450303133805823,70.19759128412309,22.0834087158769,0.23644985068563307,71.89,31.85,0.040209790209790194,-1.04515966513911,0.25112079564541234,,,,NONE,1,0,TREND_UP,NORMAL_VOL
M2RV34,D1,2024-09-10,40.45,40.45,40.45,40.45,161.82,4.0,46.160000000000004,,41.537968854574764,43.67803806165509,43.04787715593259,42.74619611158072,13.905714285714286,0.3437753840720466,70.19696276461252,22.123037235387493,0.38122459447317675,71.89,31.85,0.2147852147852148,-1.1728363649951064,-0.03367063648269139,,,,NONE,0,0,TREND_UP,NORMAL_VOL
M2RV34,D1,2024-09-12,67.89,67.89,64.58,65.9,37302.27,569.0,46.999,,46.95175355355815,45.698216419686446,43.86402440036357,57.80748953747486,13.67,0.20743550834597874,72.59201541230999,21.40598458769001,0.8692609037172855,71.89,31.85,0.8503996003996005,0.7706971193341872,0.12720291468068431,,,,NONE,0,0,TREND_UP,NORMAL_VOL
M2RV34,D1,2024-10-06,37.02,37.15,37.02,37.15,18945.68,510.0,45.277,,44.77358609721189,44.92110583607858,43.624237814636295,50.00705251774884,15.729285714285712,0.4233993462795616,68.42067673105504,22.133323268944956,0.32442288460815544,70.8,31.85,0.13607188703465975,-0.008821627921612674,0.09999800616022493,,,,NONE,0,0,TREND_UP,NORMAL_VOL
M2RV34,D1,2024-10-07,40.97,40.97,40.97,40.97,20854.11,509.0,45.324,,43.92834474227591,44.56191439643507,43.529443606970716,47.35096058625471,14.905714285714284,0.36382021688343386,68.42659260912414,22.22140739087585,0.40576815179001974,70.8,31.85,0.2341463414634146,-0.3147258130602424,0.017053242316131464,,,,NONE,0,0,TREND_UP,NORMAL_VOL
M2RV34,D1,2024-10-09,39.22,39.22,39.22,39.22,30588.91,780.0,45.304500000000004,,42.88204591065904,44.07628581494097,43.37553490672176,41.873722706249325,13.734285714285713,0.35018576528010487,68.42804869414567,22.18095130585433,0.3684349863319108,70.8,31.85,0.1892169448010269,-0.6904088548291298,-0.1244391771129208,,,,NONE,0,0,TREND_UP,NORMAL_VOL
M2RV34,D1,2024-10-12,64.86,65.56,63.6,63.95,42872.12,663.0,46.001,,47.56381348606814,45.88298710449178,44.110337231481694,59.273168477004845,12.930714285714286,0.20220037976097396,70.51966906321749,21.4823309367825,0.8660272087714337,70.8,31.85,0.8241335044929398,0.9958840196234959,0.09962546223436256,,,,NONE,0,0,TREND_UP,NORMAL_VOL
M2RV34,D1,2024-11-06,37.7,37.7,37.7,37.7,37.7,1.0,44.490500000000004,,45.37185493360856,45.13907918590162,43.88139661607164,49.284403669724774,14.18142857142857,0.37616521409624853,66.96296031549682,22.018039684503197,0.3489150741693081,69.82,31.85,0.1540690018435608,0.211687450951068,0.12203785997770365,,,,NONE,0,0,TREND_UP,NORMAL_VOL
M2RV34,D1,2024-11-07,40.66,41.62,38.85,38.85,2183.67,54.0,44.5745,,43.9225538372511,44.56734471445602,43.70170387978337,46.02164936949001,13.547857142857143,0.34872219157933443,66.94407000269032,22.20492999730967,0.37204716051065073,69.82,31.85,0.18435607058203848,-0.31338607095411675,0.03495307379133958,,,,NONE,0,0,TREND_UP,NORMAL_VOL
M2RV34,D1,2024-11-10,40.47,41.42,40.47,41.42,2492.57,61.0,44.7895,,43.36643076230641,44.28122246768729,43.6202144555054,50.07359434795408,12.76,0.3080637373249638,66.93897163442529,22.64002836557471,0.42393723751940354,69.82,31.85,0.25204108506715833,-0.5161828636609798,-0.07527411369912429,,,,NONE,0,0,TREND_UP,NORMAL_VOL
M2RV34,D1,2024-11-11,53.27,53.27,52.42,53.12,115254.49,2173.0,44.862,,45.53389059290498,45.084747697897534,43.959492510665925,55.507745266781406,12.992142857142856,0.24458100258175558,67.1155462342522,22.60845376574781,0.6855434615470287,69.82,31.85,0.5601790887542797,0.2641465194166699,-0.00738998707596545,,,,NONE,1,0,TREND_UP,NORMAL_VOL
M2RV34,D1,2024-11-12,65.0,67.39,65.0,66.08,158264.83,2381.0,44.694,,50.09969268337054,46.993406998088666,44.749510635285,57.08831341301461,13.544285714285715,0.2049680041508129,66.20462151344626,23.183378486553753,0.9971032563292428,67.89,31.85,0.9497780244173141,1.9063516312932691,0.37535833659788154,,,,NONE,0,0,TREND_UP,NORMAL_VOL
M2RV34,D1,2024-12-06,38.42,38.78,38.42,38.78,4268.07,111.0,45.0405,,47.584205420399314,46.246733634626054,44.53631382688196,46.014828544949026,14.487857142857143,0.37359095262653796,65.89318275054164,24.187817249458366,0.34988742036471565,67.89,32.57,0.17582106455266142,0.9934769852559242,0.49898206632949016,,,,NONE,0,0,TREND_UP,NORMAL_VOL
M2RV34,D1,2024-12-07,39.31,40.23,39.31,39.92,401.1,10.0,45.015,,45.88104866031058,45.67157603147823,44.37144547592189,49.86502121095256,13.602142857142857,0.3407350415115946,65.89265413319377,24.13734586680623,0.37797958603262416,67.89,32.57,0.20809739524348814,0.3578803026311519,0.47076171358982255,,,,NONE,0,0,TREND_UP,NORMAL_VOL
M2RV34,D1,2024-12-08,33.48,33.58,33.1,33.1,2397.46,72.0,44.0145,,43.04081562468601,44.52870548316203,43.96889385178182,49.90076083360899,13.572142857142856,0.41003452740612856,65.17469746699224,22.85430253300775,0.24209834248887557,67.89,32.57,0.015005662514156318,-0.6882182983156753,0.23896571120872304,,,,NONE,0,0,TREND_UP,NORMAL_VOL
M2RV34,D1,2024-12-09,41.63,42.43,41.63,41.87,3346.92,79.0,44.0495,,42.780634374755785,44.28700498469275,43.89393335707533,50.387639222537665,13.739285714285714,0.32814152649356854,65.19219561561951,22.906804384380486,0.44845737649484346,67.89,32.57,0.2633069082672706,-0.8003671361137208,0.031099141744234254,,,,NONE,0,0,TREND_UP,NORMAL_VOL
M2RV34,D1,2024-12-11,53.12,53.97,53.12,53.37,9727.47,182.0,45.022000000000006,,45.13382673592117,45.11273180426613,44.23236430860836,46.2975001477454,12.643571428571429,0.23690409272196794,65.99147315052352,24.0525268494765,0.6990512575131526,67.89,33.1,0.5826386892785282,0.038266875709616954,0.0325326885373108,,,,NONE,0,0,TREND_UP,NORMAL_VOL
M2RV34,D1,2024-12-12,65.56,66.05,64.86,64.93,94946.48,1448.0,46.24550000000001,,49.532976350160915,46.91430164024194,44.97156558330092,59.13695566372846,11.486428571428572,0.17690479857428879,68.8833439321137,23.607656067886314,0.91268285213095,67.89,33.1,0.9149180799080198,1.6170454675859105,0.34943524434703077,,,,NONE,0,0,TREND_UP,NORMAL_VOL
M2RV34,D1,2025-01-04,35.51,35.51,34.96,34.96,7910.61,224.0,45.2805,45.53980000000001,46.29453716123627,45.82754694567449,44.614009669611605,48.31340854240332,13.354285714285714,0.38198757763975155,68.12435300250377,22.436646997496247,0.27410772169500375,67.89,33.1,0.05346363897671743,0.44478316244528315,0.36850482796668127,,,,NONE,0,0,TREND_UP,NORMAL_VOL
M2RV34,D1,2025-01-07,41.82,41.84,41.27,41.52,112008.57,2688.0,45.336,45.59,45.23352890318377,45.43595176879499,44.503509324268336,50.628483987321026,13.720714285714285,0.33046036333608586,68.13537986229588,22.536620137704116,0.4163135132830818,67.89,33.1,0.2420235699913769,0.04458012380296594,0.3037198871339382,,,,NONE,0,0,TREND_UP,NORMAL_VOL
M2RV34,D1,2025-01-08,43.39,43.39,40.86,41.45,112464.53,2715.0,45.7355,45.6756,44.392744702476264,45.073592517086354,44.39445541983018,42.89413845376452,12.02,0.2899879372738239,67.93068816984295,23.540311830157048,0.40345880451189886,67.89,33.1,0.24001149755676923,-0.27506134662965565,0.18796364038121943,,,,NONE,0,0,TREND_UP,NORMAL_VOL
M2RV34,D1,2025-01-09,35.2,35.2,34.28,34.28,40810.09,1179.0,45.427,45.583600000000004,42.14546810192598,44.09235683371487,44.03322486912196,48.771904625107716,10.657142857142858,0.31088514752458746,68.09793581055523,22.756064189444768,0.25415659739087326,67.89,33.1,0.03391779246910031,-1.0943239078332283,-0.06849386926167012,,,,NONE,0,0,TREND_UP,NORMAL_VOL
M2RV34,D1,2025-01-10,44.0,44.5,43.54,44.5,379635.25,8656.0,44.357,45.48160000000001,42.66869741260909,44.12941530337715,44.04989540951046,51.9047940125413,11.10714285714286,0.24959871589085078,64.87749768556205,23.836502314437944,0.5034843209504762,67.39,33.1,0.3324584426946631,-0.9084547018493225,-0.23648603577920063,,,,NONE,0,0,TREND_UP,NORMAL_VOL
M2RV34,D1,2025-01-12,47.24,50.01,47.01,48.94,34994.6,709.0,44.9465,45.6546,44.06232020980707,44.566741184888315,44.224542002027945,52.503662271940335,11.317142857142857,0.2312452565824041,65.27172029400911,24.62127970599089,0.598240017629159,67.39,33.1,0.46194225721784765,-0.39828988574398494,-0.26884680577215747,,,,NONE,0,0,TREND_UP,NORMAL_VOL
M2RV34,D1,2025-02-01,68.93,73.88,68.93,69.54,702642.83,10006.0,46.375,46.2092,49.72402682984994,46.837037440807556,45.128665501955524,55.160925320593414,12.252142857142857,0.17618842187435801,69.36474462439148,23.385255375608526,1.0038115990079897,73.88,33.1,0.8935752820009811,1.6492556526376205,0.11477368590979814,,,,NONE,0,0,TREND_UP,NORMAL_VOL
M2RV34,D1,2025-02-04,34.42,36.32,34.42,36.32,16527.64,464.0,46.230000000000004,46.146800000000006,46.7453542009944,45.88094312800687,44.814070305457115,41.70291067246571,13.741428571428571,0.3783432976714915,69.44523184191112,23.014768158088884,0.2865625450677344,73.88,33.1,0.07896027464443353,0.5846345712826064,0.20874586298435982,,,,NONE,0,0,TREND_UP,NORMAL_VOL
M2RV34,D1,2025-02-05,35.53,35.86,35.07,35.18,28090.52,794.0,44.7915,45.68820000000001,44.17527548966231,44.908130116369875,44.469996365976506,48.82491186839013,11.855,0.3369812393405344,66.92371826349898,22.659281736501022,0.2828618016149892,73.88,33.1,0.051005394801373186,-0.34707293771386105,0.09758210284471566,,,,NONE,0,0,TREND_UP,NORMAL_VOL
M2RV34,D1,2025-02-06,33.98,35.29,33.82,35.18,701553.21,20481.0,44.6655,45.583600000000004,42.17632538084847,44.02375465124534,44.13821078147735,48.44119968429361,11.856428571428571,0.3370218468285552,66.9955161218034,22.335483878196598,0.2876065125018383,73.88,33.1,0.051005394801373186,-1.0730879611417024,-0.13655190995256794,,,,NONE,0,0,TREND_DOWN,NORMAL_VOL
M2RV34,D1,2025-02-07,42.88,42.88,40.26,40.26,349176.47,8374.0,44.736000000000004,45.230199999999996,41.75047529621548,43.68159513749576,43.99970325356744,52.38190286094477,11.919285714285715,0.29605776736924283,66.9975064511296,22.47449354887042,0.3994677199895228,73.88,33.1,0.17557626287395778,-1.2244320625607585,-0.35412794047420604,,,,NONE,0,0,TREND_DOWN,NORMAL_VOL
M2RV34,D1,2025-02-09,34.63,35.28,34.11,35.28,53648.06,1540.0,44.429,45.135200000000005,40.31259189705648,42.91781376135979,43.68828528022574,47.75100675721793,11.692142857142857,0.3314099449303531,67.04950667216062,21.808493327839383,0.2977719921884021,73.88,33.1,0.05345757724374694,-1.7263178165208615,-0.6285659156835371,,,,NONE,0,0,TREND_DOWN,NORMAL_VOL
M2RV34,D1,2025-02-10,45.25,46.75,45.25,46.23,87424.29,1894.0,44.084500000000006,45.2646,41.627571475488374,43.21892160123617,43.77906080593196,47.55412441764867,11.647142857142857,0.2519390624517166,66.3548545926914,21.81414540730862,0.5481694171296242,73.88,33.1,0.3219715546836684,-1.2263557398056122,-0.7481238805079522,,,,NONE,0,0,TREND_DOWN,NORMAL_VOL
M2RV34,D1,2025-02-12,50.24,50.25,49.19,49.6,85660.29,1720.0,43.2605,45.4554,43.39922225871318,43.799019637487426,43.9869514914344,44.43637947303477,11.028571428571428,0.22235023041474652,63.20194319857781,23.319056801422192,0.6589528886367694,73.88,33.1,0.4046101029916626,-0.5518400872246545,-0.7088671218512927,,,,NONE,0,0,TREND_DOWN,NORMAL_VOL
M2RV34,D1,2025-03-01,70.33,73.11,70.33,72.97,299664.99,4154.0,44.97,45.93240000000001,49.97050620122136,46.45092694317039,45.022060366740305,64.488831287642,10.567142857142857,0.14481489457507,68.78075475715255,21.159245242847444,1.0879696020889265,73.88,33.1,0.9776851397743993,1.8471888723441836,-0.19765592301219748,,,,NONE,0,0,TREND_UP,NORMAL_VOL
M2RV34,D1,2025-03-02,64.32,67.16,62.85,66.4,188170.12,2878.0,46.294000000000004,45.828599999999994,53.621504823172174,48.264479039245806,45.7855582107853,59.48315291965239,10.79857142857143,0.1626290877796902,71.80645342964883,20.781546570351182,0.8940428554910009,73.88,33.1,0.8165767533104465,3.181616816481089,0.47819862488645987,,,,NONE,0,0,TREND_UP,NORMAL_VOL
M2RV34,D1,2025-03-04,33.46,33.46,31.92,31.92,141931.42,4373.0,46.235,45.666399999999996,48.798948195800584,46.77861730840527,45.29035970325725,47.12241077359744,13.080714285714285,0.40979681346222696,71.88103467861731,20.58896532138268,0.22091202052504252,73.88,31.92,0.0,1.4403097434660665,0.6706208486023812,,,,NONE,0,0,TREND_UP,NORMAL_VOL
M2RV34,D1,2025-03-06,34.98,35.47,34.78,35.2,82859.26,2358.0,45.9015,45.57820000000001,45.7769597078449,45.72601573491389,44.929989713855214,50.284477427334565,12.822142857142856,0.364265422077922,71.95674194152836,19.846258058471633,0.2946382531389332,73.88,31.92,0.07816968541468068,0.321276455565787,0.6007519699950624,,,,NONE,0,0,TREND_UP,NORMAL_VOL
M2RV34,D1,2025-03-07,40.5,40.98,40.3,40.98,8594.18,212.0,45.282,45.397400000000005,44.71096866165715,45.29455975901262,44.788918652646096,48.880834287167744,12.504999999999999,0.3051488530990727,71.17825585617389,19.3857441438261,0.4169377993503574,73.88,31.92,0.2159199237368922,-0.09803767547364117,0.46099404090132173,,,,NONE,0,0,TREND_UP,NORMAL_VOL
M2RV34,D1,2025-03-09,35.64,35.64,33.72,33.98,352030.51,10353.0,43.734500000000004,44.7188,42.32630895906667,44.2659634172842,44.40288584362302,45.31973470153923,12.629999999999999,0.3716892289582107,68.35465646194244,19.114343538057565,0.3019001216527929,73.88,31.92,0.04909437559580542,-0.9838474627498428,0.17202574017108885,,,,NONE,0,0,TREND_DOWN,NORMAL_VOL
M2RV34,D1,2025-03-10,46.18,46.19,45.79,45.95,451370.59,9805.0,44.284000000000006,44.894400000000005,43.131573634829635,44.419057652076546,44.458139920636484,42.19855810569482,11.720714285714285,0.25507539250738376,68.56784812998137,20.000151870018637,0.5343026358730831,73.88,31.92,0.33436606291706394,-0.7117742480773543,-0.00473425747859979,,,,NONE,0,0,TREND_DOWN,NORMAL_VOL
M2RV34,D1,2025-03-11,50.88,53.6,48.35,48.5,315777.07,6344.0,44.633,45.122,44.32455727153416,44.790052410978674,44.60249206632803,55.05310321938268,9.758571428571429,0.20120765832106038,68.95019781294062,20.315802187059386,0.5795116285549592,73.88,31.92,0.39513822688274547,-0.28708128218777773,-0.06120366242043538,,,,NONE,0,0,TREND_UP,NORMAL_VOL
M2RV34,D1,2025-03-12,53.61,54.79,51.0,52.93,2269515.55,43197.0,45.207,45.147200000000005,46.236877877859904,45.53004764634425,44.89990306395917,57.168241660609006,10.118571428571428,0.19116892931364876,69.74877199453167,20.66522800546834,0.6573439766639673,73.88,31.92,0.5007149666348903,0.40231726695292025,0.03150052345423575,,,,NONE,0,0,TREND_UP,NORMAL_VOL
M2RV34,D1,2025-04-02,63.32,64.11,61.92,63.01,97633.07,1538.0,46.6435,45.018600000000006,49.964238349446596,47.11913422394932,45.546692240246344,60.39285981029203,10.812142857142858,0.17159407803749974,71.84665375002439,21.44034624997562,0.8246915081011272,73.88,31.92,0.7409437559580553,1.7419620873115491,0.37359283622569844,,,,NONE,0,0,TREND_UP,NORMAL_VOL
M2RV34,D1,2025-04-04,28.3,29.3,27.97,29.12,107538.27,3723.0,45.8745,44.964,45.332185382902914,45.48284929449938,44.96002466023754,46.576521204671174,12.765,0.4383585164835165,72.26367758635556,19.485322413644447,0.18254978873114136,73.88,27.97,0.025049008930516276,0.0682141592470984,0.3125171008299784,,,,NONE,0,0,TREND_UP,NORMAL_VOL
M2RV34,D1,2025-04-06,35.98,37.94,34.97,37.34,142291.76,3898.0,45.2945,44.9022,43.55614418670227,44.74259026772671,44.68788092237192,50.62070627937808,12.955714285714285,0.34696610299181263,71.90893492384892,18.680065076151077,0.3505604191342036,73.88,27.97,0.20409496841646713,-0.5881776836438135,0.13237814393522002,,,,NONE,0,0,TREND_UP,NORMAL_VOL
M2RV34,D1,2025-04-07,40.98,40.98,40.98,40.98,327.82,8.0,43.8665,44.6596,42.983667700768436,44.400536607024286,44.555456603715776,48.3452058248755,12.39642857142857,0.30249947709684166,67.94770321788454,19.785296782115473,0.4400673634559864,73.11,27.97,0.28821444395214885,-0.8053715470638281,-0.05517179426458961,,,,NONE,0,0,TREND_DOWN,NORMAL_VOL
M2RV34,D1,2025-04-08,42.24,42.34,41.76,42.12,113289.3,2683.0,44.1565,44.6786,42.791741545042115,44.193215097294804,44.46847601072593,47.608695652173914,12.206428571428571,0.28980124813458147,67.99350906264524,20.319490937354765,0.4572828118945638,73.11,27.97,0.31346920691182983,-0.8754194851044232,-0.21922133243255637,,,,NONE,1,0,TREND_DOWN,NORMAL_VOL
M2RV34,D1,2025-04-09,33.87,35.28,33.6,34.87,109159.44,3114.0,44.141000000000005,44.6976,41.031354535032754,43.34565008844982,44.12567329605715,36.42001710863986,11.135714285714284,0.3193494202957925,68.00297583031036,20.279024169689656,0.30573695854172206,73.11,27.97,0.15285777580859544,-1.4986716361606796,-0.4751113931781811,,,,NONE,0,0,TREND_DOWN,NORMAL_VOL
M2RV34,D1,2025-04-11,47.4,48.25,47.25,47.84,82840.7,1727.0,44.773999999999994,44.845200000000006,42.544386860581035,43.7542273531362,44.25832782119797,43.67330242705208,11.368571428571428,0.23763736263736263,68.3044518488389,21.243548151161097,0.5651496201538369,73.11,27.97,0.4401860877270714,-0.935251849824013,-0.5671394845073475,,,,NONE,0,0,TREND_DOWN,NORMAL_VOL
M2RV34,D1,2025-04-12,52.69,53.06,51.66,52.04,249012.22,4787.0,45.363,44.8008,44.654523113785245,44.507479411942,44.53624468472662,58.6426116838488,9.278571428571427,0.17829691446140328,69.0071621591996,21.718837840800408,0.6411976443707919,73.11,27.97,0.5332299512627382,-0.14812521551665725,-0.4833366307092095,,,,NONE,0,0,TREND_DOWN,NORMAL_VOL
M2RV34,D1,2025-05-02,64.3,67.76,64.0,67.07,296359.46,4486.0,46.9525,45.334,49.635740199610744,46.55861764722,45.3410216602721,62.43464689816621,10.147857142857143,0.151302477156063,71.97656073740777,21.92843926259223,0.9019631388187711,73.11,27.97,0.8661940629153743,1.669231836610372,-0.052822937245293244,,,,NONE,0,0,TREND_UP,NORMAL_VOL
M2RV34,D1,2025-05-03,50.54,51.82,50.5,51.63,459062.06,8903.0,47.2225,45.697399999999995,50.078909044141696,47.01965240656364,45.565628029548094,53.86401567375371,10.918571428571427,0.21147726958302202,72.33012591220779,22.11487408779221,0.5877721377443534,73.11,27.97,0.5241470979175898,1.8423835801673292,0.32621836623723127,,,,NONE,0,0,TREND_UP,NORMAL_VOL
M2RV34,D1,2025-05-05,34.88,35.85,34.88,35.46,18746.05,532.0,46.515499999999996,45.5976,46.83026258988799,45.96877491505785,45.20471274277852,50.50346985984487,11.596428571428572,0.32702844251067603,72.13240681438415,20.898593185615837,0.28421477502911835,73.11,27.97,0.16592822330527252,0.6671334239208733,0.39440137777395967,,,,NONE,0,0,TREND_UP,NORMAL_VOL
M2RV34,D1,2025-05-06,36.59,37.5,36.2,36.65,327682.81,8929.0,44.6995,45.0126,44.56798201435733,45.1216135591435,44.89918728767929,46.585903083700444,10.87,0.2965893587994543,67.40402537780912,21.994974622190885,0.3227335769840095,67.76,27.97,0.21814526262880116,-0.16632049819723704,0.2822570025797203,,,,NONE,0,0,TREND_UP,NORMAL_VOL
M2RV34,D1,2025-05-08,42.4,42.4,41.72,42.32,26138.2,621.0,43.4955,45.11600000000001,44.06843045561126,44.86692141740318,44.807073455976465,47.782084409991384,10.734285714285713,0.25364569268160947,63.77959537699813,23.211404623001865,0.47102409601827755,67.76,27.97,0.36064337773309874,-0.36510838021914793,0.15278392601994667,,,,NONE,1,0,TREND_UP,NORMAL_VOL
M2RV34,D1,2025-05-09,34.51,34.64,33.85,34.41,322404.99,9383.0,43.62,44.98480000000001,41.922112576586535,43.916292197639244,44.435749403977304,43.515406162464984,10.889999999999999,0.3164777680906713,63.63370898580321,23.606291014196785,0.2699077165923332,67.76,27.97,0.16184971098265888,-1.1476902435671619,-0.10731090789747505,,,,NONE,1,0,TREND_DOWN,NORMAL_VOL
M2RV34,D1,2025-05-11,47.3,50.94,47.26,50.11,327781.9,6613.0,44.365500000000004,45.202600000000004,43.74164311512286,44.4793565433084,44.63840121097812,45.654224498046084,11.272142857142855,0.2249479716053254,64.16828499818169,24.562715001818315,0.6450427301141598,67.76,27.97,0.5564212113596381,-0.4953234385712477,-0.1849134140322296,,,,NONE,0,0,TREND_DOWN,NORMAL_VOL
M2RV34,D1,2025-05-12,54.74,54.74,52.76,53.43,101219.78,1885.0,44.988,44.992200000000004,45.894611311762226,45.29305140300764,44.952386882014615,60.31395842172254,9.1,0.170316301703163,65.12263797329837,24.853362026701628,0.7096387332912416,67.76,27.97,0.6398592611208845,0.2862781714804967,-0.09067509692968434,,,,NONE,0,0,TREND_UP,NORMAL_VOL
M2RV34,D1,2025-06-01,75.88,75.88,72.13,73.04,117623.88,1604.0,46.941,45.699,51.9269199091484,47.815501275461486,45.95551592194267,63.811513463324054,10.073571428571428,0.13791855734626818,69.95185226812042,23.930147731879583,1.0671019850959182,75.88,27.97,0.9407221874347738,2.459712160307582,0.41940235451776897,,,,NONE,0,0,TREND_UP,NORMAL_VOL
M2RV34,D1,2025-06-02,68.59,68.68,66.77,68.03,1918445.24,28100.0,48.045,46.2826,55.505382151559864,49.65318297769226,46.743890353301865,60.355256105964315,10.261428571428572,0.1508368156905567,72.90041050916173,23.18958949083828,0.9020251444375362,75.88,27.97,0.836151116677103,3.73485603006889,1.0824930896279934,,,,NONE,1,0,TREND_UP,NORMAL_VOL
M2RV34,D1,2025-06-03,43.15,43.54,41.25,41.6,920757.64,21616.0,47.7,46.2862,52.41529722899101,48.92107543426569,46.56017998354108,49.83322642719692,12.077142857142858,0.2903159340659341,72.71982287791232,22.68017712208768,0.3780966590018285,75.88,27.97,0.28449175537466087,2.582961842217273,1.3825868401458492,,,,NONE,0,0,TREND_UP,NORMAL_VOL
M2RV34,D1,2025-06-05,34.87,35.32,34.87,35.02,33751.21,966.0,46.804500000000004,45.9242,48.54967562254856,47.6573413038779,46.148030698414615,50.04831540295047,11.949285714285717,0.34121318430284736,72.31342885989035,21.295571140109654,0.26901225322460176,75.88,27.97,0.14715090795241087,1.1261448934193723,1.331298450800554,,,,NONE,0,0,TREND_UP,NORMAL_VOL
M2RV34,D1,2025-06-06,36.69,39.02,36.69,38.11,137257.0,3568.0,45.5595,45.3648,46.229747706426664,46.78940118534354,45.86095817347124,46.65290677674579,11.279285714285715,0.29596656295685425,70.15229524362239,20.966704756377606,0.3485430402237041,75.88,27.97,0.21164683782091423,0.218426259535903,1.1087240125476239,,,,NONE,0,0,TREND_UP,NORMAL_VOL
M2RV34,D1,2025-06-08,40.92,41.32,40.48,41.32,83013.13,2032.0,46.1695,45.4156,45.13869266055407,46.29218289576686,45.698781095847266,46.28706012745913,11.135714285714286,0.26949937767943577,69.62427482529438,22.714725174705627,0.3966201970361671,75.88,33.6,0.1825922421948912,-0.23917012039601104,0.8391451859588969,,,,NONE,0,0,TREND_UP,NORMAL_VOL
M2RV34,D1,2025-06-10,47.05,47.95,47.0,47.0,600710.08,12650.0,46.652499999999996,45.557199999999995,45.552316513764275,46.356529905242596,45.74525319956701,42.567217243167185,10.486428571428572,0.22311550151975684,69.73662338884841,23.56837661115158,0.5075268181976508,75.88,33.6,0.3169347209082308,-0.14185480415581253,0.642945187935955,,,,NONE,0,0,TREND_UP,NORMAL_VOL
M2RV34,D1,2025-06-11,53.0,53.0,50.1,50.52,354385.27,6887.0,47.1295,45.90559999999999,46.65624617737222,46.735027186584176,45.91577987101104,49.54911040701926,9.731428571428571,0.1926252686347698,70.11413695143939,24.144863048560605,0.5737557875541662,75.88,33.6,0.4001892147587513,0.216803689242127,0.5577168881971895,,,,NONE,0,0,TREND_UP,NORMAL_VOL
M2RV34,D1,2025-07-01,72.71,72.71,70.61,70.77,36676.63,513.0,48.562,46.483599999999996,52.01485813795617,48.92002471507652,46.8034305899035,63.8829912715263,10.120000000000001,0.14299844566906883,73.70216002963761,23.42183997036238,0.9416837437355031,75.88,33.6,0.8791390728476821,2.1107178514286318,0.8683170808434779,,,,NONE,0,0,TREND_UP,NORMAL_VOL
M2RV34,D1,2025-07-02,69.91,70.54,63.83,64.07,2055091.1,31741.0,50.022,46.6976,54.69377855174369,50.297295195524114,47.42009378312123,60.33313234850768,10.47,0.1634150148275324,75.20564766021164,24.83835233978835,0.778911144833773,75.88,33.85,0.7190102307875326,3.036027034322011,1.3018590715391847,,,,NONE,0,0,TREND_UP,NORMAL_VOL
M2RV34,D1,2025-07-03,41.95,42.19,39.05,40.34,109428.05,2730.0,49.647000000000006,46.205799999999996,51.50404998468954,49.39208654138555,47.1672332908669,49.34324001592145,11.846428571428572,0.29366456547914155,75.18827318262488,24.105726817375125,0.3178046972550427,75.88,33.85,0.1544135141565549,1.833394319673559,1.4081661211660597,,,,NONE,0,0,TREND_UP,NORMAL_VOL
M2RV34,D1,2025-07-04,28.83,30.96,27.97,29.3,12936.75,442.0,48.51,46.09259999999999,46.56981665475853,47.56553321944141,46.529117816193086,48.33950737635667,12.125,0.4138225255972696,75.58149442728117,21.43850557271883,0.14519875229641527,75.88,27.97,0.027760384053433562,-0.010416431913398583,1.1244496105501682,57.578379999999996,51.925,46.27162,NONE,0,0,TREND_UP,NORMAL_VOL
M2RV34,D1,2025-07-05,32.37,32.37,30.98,31.93,90100.55,2872.0,46.753,45.9008,43.31652406481219,46.14412110858311,46.007720751329046,43.54403409090909,11.16357142857143,0.3496264149255067,73.30897631221146,20.197023687788537,0.2209102797477679,75.88,27.97,0.08265497808390734,-1.2450782295166931,0.6505440425367961,57.578379999999996,51.925,46.27162,NONE,1,0,TREND_UP,NORMAL_VOL
M2RV34,D1,2025-07-07,40.98,40.98,39.06,39.26,130704.02,3302.0,46.1345,45.857,42.415074272631706,45.51829191689373,45.766730724495865,45.10738208687245,11.479285714285714,0.2923913834509861,72.78823873251278,19.48076126748722,0.3710406058041241,75.88,27.97,0.23565017741598832,-1.6134875782997185,0.19773771836949322,57.578379999999996,51.925,46.27162,NONE,0,0,TREND_DOWN,NORMAL_VOL
M2RV34,D1,2025-07-08,41.76,41.92,40.9,41.12,163805.68,3954.0,46.417500000000004,45.99379999999999,42.127279989824665,45.118447197176124,45.60077605576387,37.43900519439634,10.065714285714284,0.24478877153974427,72.71179385767346,20.123206142326556,0.3992652164634183,75.88,27.97,0.274472970152369,-1.7353639902716083,-0.18888262335872708,57.578379999999996,51.925,46.27162,NONE,0,0,TREND_DOWN,NORMAL_VOL
M2RV34,D1,2025-07-10,47.99,47.99,46.02,46.51,20927.68,446.0,46.9105,46.034,43.101217769863624,45.244951997432835,45.63324833948659,41.55681104833648,10.108571428571427,0.2173418926805295,72.80032931780862,21.020670682191383,0.49226530242660743,75.88,27.97,0.38697557921102066,-1.3811034698476305,-0.4273267926565078,57.578379999999996,51.925,46.27162,500_618,0,0,TREND_DOWN,NORMAL_VOL
M2RV34,D1,2025-07-11,49.24,49.28,45.51,47.84,427418.49,9041.0,47.1865,46.01200000000001,44.154280487671706,45.48086545221167,45.71206089879065,53.048661324995116,8.465,0.17694397993311034,72.98781883614112,21.385181163858896,0.5126640813237153,75.88,27.97,0.41473596326445433,-0.9817129940755933,-0.5382040329403249,57.578379999999996,51.925,46.27162,500_618,1,0,TREND_DOWN,NORMAL_VOL
M2RV34,D1,2025-08-01,71.48,71.79,68.77,71.39,15186.41,213.0,49.0355,46.049,50.20666260152244,47.83624132019243,46.62913015240527,65.24180705724584,9.695000000000002,0.13580333380025217,76.24350073894672,21.82749926105327,0.9108074719360175,75.88,27.97,0.9062826132331456,1.221019862943244,-0.18635925376361115,57.578379999999996,51.925,46.27162,NONE,1,0,TREND_UP,NORMAL_VOL
M2RV34,D1,2025-08-04,32.47,32.86,29.38,29.38,96016.96,3123.0,47.999,45.9102,45.57851535673967,46.158401200174936,46.01308978981937,47.241357517537764,12.41,0.42239618788291355,76.57946878183549,19.41853121816451,0.17427056319255632,75.88,27.97,0.02943018159048216,-0.41833211361399236,-0.23275382573368741,57.578379999999996,51.925,46.27162,NONE,0,0,TREND_UP,NORMAL_VOL
M2RV34,D1,2025-08-05,32.48,33.13,32.48,33.09,7692.24,235.0,46.982000000000006,45.868399999999994,42.803289721908634,44.97036472743176,45.55155086875439,47.407547407547405,12.448571428571428,0.37620342788067174,76.18943207509096,17.774567924909046,0.2621838173879116,75.88,27.97,0.10686704237111261,-1.4020029543512678,-0.4666036514572035,57.578379999999996,51.925,46.27162,NONE,0,0,TREND_DOWN,NORMAL_VOL
M2RV34,D1,2025-08-07,39.44,40.19,39.43,39.43,420107.86,10607.0,45.3015,45.9534,42.05366978370672,44.46669520675614,45.33292405201316,47.62532153836501,12.482142857142858,0.31656461722401363,71.95180326676463,18.651196733235363,0.3898417788865785,72.71,27.97,0.25614662494412166,-1.6509530095801779,-0.7034735230817984,57.578379999999996,51.925,46.27162,NONE,0,0,TREND_DOWN,NORMAL_VOL
M2RV34,D1,2025-08-08,41.76,42.16,41.53,42.16,84559.85,2021.0,44.007999999999996,45.991400000000006,42.07729872066078,44.256995642505586,45.219605335869836,47.36443883984867,12.248571428571427,0.29052588777446464,68.43169479354876,19.58430520645124,0.4621678862346386,72.71,27.97,0.3171658471166741,-1.6094072920577602,-0.8846602768769909,57.578379999999996,51.925,46.27162,NONE,0,0,TREND_DOWN,NORMAL_VOL
M2RV34,D1,2025-08-09,34.56,35.84,34.56,35.84,191313.66,5458.0,43.72,46.0026,40.69123233829172,43.491814220459624,44.88461943101734,37.92769751849036,11.206428571428571,0.31267936862244894,68.3977718008055,19.0422281991945,0.34034214953428676,72.71,27.97,0.17590523021904347,-2.0626759487902433,-1.1202634112596415,57.578379999999996,51.925,46.27162,NONE,0,0,TREND_DOWN,NORMAL_VOL
M2RV34,D1,2025-08-10,46.36,49.16,46.36,49.05,217410.34,4489.0,44.421499999999995,46.059,42.548736263115785,43.99710383678148,45.03338302276673,45.0324116946686,11.662142857142856,0.23776030289791755,68.85439781809504,19.98860218190496,0.5947186051048788,72.71,27.97,0.47116674117121143,-1.3405055123408758,-1.1643118314758885,57.578379999999996,51.925,46.27162,500_618,0,0,TREND_DOWN,NORMAL_VOL
M2RV34,D1,2025-08-12,53.68,53.68,48.5,51.0,2121143.58,43096.0,45.065999999999995,46.086999999999996,44.42679487131228,44.633730760710435,45.246476486239345,54.119010819165375,10.245000000000001,0.20088235294117648,69.47792495482483,20.654075045175162,0.6215389612040241,72.71,27.97,0.5147518998658919,-0.6038704921900546,-1.0522235636187218,57.578379999999996,51.925,46.27162,500_618,0,0,TREND_DOWN,LOW_VOL
M2RV34,D1,2025-09-01,69.91,71.9,67.92,69.91,34799.35,512.0,46.49550000000001,46.0258,50.089729344354,46.93157341882767,46.1273166117308,64.79201573541197,10.854285714285714,0.15526084557696632,73.22237311145449,19.76862688854552,0.938032909842437,72.71,27.97,0.9374161823871257,1.4886369508590533,-0.5440514607231668,57.578379999999996,51.925,46.27162,NONE,0,0,TREND_UP,LOW_VOL
M2RV34,D1,2025-09-04,34.46,36.46,34.46,34.46,4173.39,121.0,45.8685,45.38700000000001,46.61645615671978,45.79779401711606,45.710626732740415,50.74372391087071,13.167142857142855,0.38209932841389593,73.1285863226034,18.6084136773966,0.29074717766868646,72.71,27.97,0.14506034868126963,0.28318110765411575,-0.3786049470477103,57.578379999999996,51.925,46.27162,NONE,0,0,TREND_UP,HIGH_VOL
M2RV34,D1,2025-09-05,34.15,34.15,33.46,33.66,95997.76,2861.0,45.025499999999994,45.421800000000005,43.73724367744872,44.694358197378236,45.28024720657112,48.288089997554415,12.592142857142859,0.3740981240981242,72.71924428696087,17.331755713039115,0.29480022848786025,72.71,27.97,0.12717925793473397,-0.7283091524939564,-0.44854578813695956,57.578379999999996,51.925,46.27162,NONE,0,0,TREND_DOWN,HIGH_VOL
M2RV34,D1,2025-09-06,38.9,39.73,38.46,38.5,47469.87,1224.0,43.41199999999999,45.4878,42.573411749126784,44.1312347248893,45.03809552062215,49.2134021856611,12.835714285714287,0.3333951762523191,68.42027955529505,18.403720444704934,0.4017925245689289,71.9,27.97,0.2396995219667653,-1.1263905910430836,-0.5841147487181844,57.578379999999996,51.925,46.27162,NONE,0,0,TREND_DOWN,NORMAL_VOL
M2RV34,D1,2025-09-07,39.83,40.98,39.83,40.98,93825.78,2350.0,42.2575,45.4878,42.21932024932083,43.84475884080846,44.89316353774279,48.310212063802474,12.522142857142857,0.3055671756257408,65.30537226165299,19.209627738347013,0.4722859449779772,71.9,27.97,0.2961529706351012,-1.2276066401508885,-0.7128131270047252,57.578379999999996,51.925,46.27162,NONE,0,0,TREND_DOWN,NORMAL_VOL
M2RV34,D1,2025-09-09,36.2,36.64,35.68,36.24,194766.52,5339.0,42.052499999999995,45.532999999999994,40.89058241613843,43.15341712800769,44.584121982823405,46.52777777777778,12.63142857142857,0.3485493535162409,65.24466734839132,18.860332651608665,0.37468829642600954,71.9,27.97,0.18825404051900754,-1.67103680238462,-0.9044578620807042,57.578379999999996,51.925,46.27162,NONE,0,0,TREND_DOWN,NORMAL_VOL
M2RV34,D1,2025-09-10,50.6,50.6,48.58,49.29,305651.82,6238.0,43.052,45.599799999999995,42.75711965699655,43.71128829818881,44.75218905486543,42.94110131595758,11.946428571428571,0.24237022867576732,65.64538105216704,20.458618947832964,0.6380492805746238,71.9,29.38,0.468250235183443,-0.9583848006887195,-0.9152432498023073,57.578379999999996,51.925,46.27162,500_618,0,0,TREND_DOWN,NORMAL_VOL
M2RV34,D1,2025-09-12,50.64,50.64,47.9,48.67,429743.64,8803.0,43.888999999999996,45.603199999999994,44.071093066552876,44.16208027108073,44.89211087433453,58.37603126356926,9.141428571428571,0.18782470867944465,65.98229872203451,21.795701277965478,0.6082002298559365,71.9,29.38,0.45366886171213544,-0.4385761406627182,-0.8199098279743895,57.578379999999996,51.925,46.27162,500_618,0,0,TREND_DOWN,LOW_VOL
M2RV34,D1,2025-10-01,70.91,71.89,69.7,70.28,111052.59,1570.0,45.44,45.9502,49.8952946073189,46.536436610073395,45.79882120025115,63.97594889139421,10.532142857142857,0.14985974469469063,70.34185366171509,20.538146338284907,0.9987580510560508,71.9,29.38,0.9619002822201316,1.6975540190803073,-0.31641705856345015,57.578379999999996,51.925,46.27162,NONE,0,0,TREND_UP,LOW_VOL
M2RV34,D1,2025-10-02,64.12,65.06,64.12,65.06,22492.4,346.0,46.637,45.9912,53.26522913902581,48.22039691824854,46.48672044309932,59.71348442355796,10.465,0.1608515216723025,72.92732970104166,20.346670298958337,0.8503759787247944,71.9,29.38,0.839134524929445,2.9354046682341846,0.33394728679607677,57.578379999999996,51.925,46.27162,NONE,0,0,TREND_UP,LOW_VOL
M2RV34,D1,2025-10-03,40.07,40.07,37.19,38.07,58591.2,1566.0,46.214999999999996,46.1702,49.888511552575636,47.297633562044126,46.18612328441721,48.690697227735455,12.260714285714286,0.3220571128372547,72.78339238049999,19.6466076195,0.3467163559738365,71.9,29.38,0.20437441204139226,1.7187303373064893,0.6109038968981593,57.578379999999996,51.925,46.27162,NONE,0,0,TREND_UP,NORMAL_VOL
M2RV34,D1,2025-10-04,34.46,34.46,30.76,30.76,48030.51,1522.0,45.361,46.038599999999995,45.63773120755883,45.79421232913102,45.63519030997373,48.38401832294184,12.24,0.39791937581274384,72.79343404976555,17.928565950234443,0.23387341470479575,71.9,29.38,0.03245531514581379,0.1627748890035221,0.5212780953192319,57.578379999999996,51.925,46.27162,NONE,0,0,TREND_UP,HIGH_VOL
M2RV34,D1,2025-10-06,38.5,38.59,37.82,38.11,18314.09,477.0,43.696999999999996,45.9812,43.96490205032353,45.095647571937285,45.36643351318895,46.38514406555643,11.847857142857142,0.31088578175956816,68.38131345057656,19.012686549423428,0.3868309622792143,71.9,29.38,0.20531514581373467,-0.4718087230743393,0.3226607316405177,57.578379999999996,51.925,46.27162,NONE,0,0,TREND_DOWN,NORMAL_VOL
M2RV34,D1,2025-10-07,39.43,41.25,39.43,40.6,13894.31,341.0,44.257999999999996,45.9508,43.21714603914053,44.6869523381248,45.19620374486078,46.57579349400763,11.702142857142858,0.28823011963406053,68.06674814896937,20.44925185103063,0.42317949736138594,71.9,30.76,0.23918327661643168,-0.7649803995105628,0.10513250541030159,57.578379999999996,51.925,46.27162,NONE,0,0,TREND_DOWN,NORMAL_VOL
M2RV34,D1,2025-10-09,36.2,36.6,36.12,36.12,246323.98,6755.0,44.409499999999994,45.9758,41.640002474887076,43.908138489204354,44.87205361111575,37.70646874772611,10.529285714285715,0.2915084638506566,67.95614841498566,20.86285158501433,0.3239770719402181,71.9,30.76,0.13028682547399115,-1.3433345004277157,-0.1845608957573019,57.578379999999996,51.925,46.27162,NONE,0,0,TREND_DOWN,NORMAL_VOL
M2RV34,D1,2025-10-10,50.12,51.1,47.4,47.97,214787.25,4347.0,44.8365,45.9784,43.046668591578836,44.27739862654941,44.982694553575904,55.9342879732935,9.067142857142857,0.1890169451145061,68.31256734303547,21.36043265696453,0.5667381796578804,71.9,30.76,0.4183276616431696,-0.8358531321955311,-0.31481934304494774,57.578379999999996,51.925,46.27162,500_618,0,0,TREND_DOWN,LOW_VOL
M2RV34,D1,2025-10-11,49.95,50.01,49.24,49.54,150520.6,3014.0,45.2055,45.9284,44.48963112678354,44.75581693322674,45.145455462376766,56.92844677137871,9.141428571428571,0.18452621258434743,68.73636794650358,21.67463205349643,0.5921024249903212,71.9,30.76,0.45649003403014093,-0.30348621255841124,-0.3125527169476404,57.578379999999996,51.925,46.27162,500_618,0,0,TREND_DOWN,LOW_VOL
M2RV34,D1,2025-10-12,49.5,50.59,49.5,50.59,274064.54,5482.0,45.943,45.59879999999999,45.84526865416498,45.28619721202431,45.3399034815776,55.4552838191499,8.785714285714286,0.17366503826278484,69.1604409034515,22.725559096548494,0.6000756289059658,71.9,30.76,0.4820126397666505,0.20082959299840297,-0.20987625495843176,57.578379999999996,51.925,46.27162,500_618,0,1,TREND_DOWN,LOW_VOL
M2RV34,D1,2025-11-02,64.3,64.86,59.93,62.43,1594170.16,24801.0,46.612,45.814800000000005,49.53076450879499,46.84472473820392,45.95026407152126,58.92485645335775,9.627857142857144,0.1542184389373241,70.9504120054569,22.273587994543107,0.8249595741179305,71.9,30.76,0.769810403500243,1.5381615820472092,0.13973131244269646,57.578379999999996,51.925,46.27162,NONE,0,0,TREND_UP,LOW_VOL
M2RV34,D1,2025-11-03,38.0,39.83,38.0,39.81,85095.14,2140.0,46.0525,45.9018,47.37059461795165,46.20520430745811,45.73096892610978,51.29300977906556,10.994285714285713,0.27616894534754366,70.48049849611743,21.624501503882566,0.3722265354447239,71.9,30.76,0.21998055420515314,0.7639554585720916,0.26457614166857546,57.578379999999996,51.925,46.27162,NONE,0,0,TREND_UP,NORMAL_VOL
M2RV34,D1,2025-11-04,30.93,31.23,30.38,30.96,13940.5,451.0,44.105000000000004,45.788000000000004,43.7237958139624,44.81927664314373,45.20343432160586,43.152782966006725,10.642142857142858,0.34373846437799926,66.663470926158,21.54652907384201,0.20864603272472843,71.89,30.38,0.013972536738135432,-0.5573052416841691,0.10019986499802655,57.578379999999996,51.925,46.27162,NONE,1,0,TREND_DOWN,HIGH_VOL
M2RV34,D1,2025-11-06,38.51,38.82,37.68,37.73,96969.79,2534.0,44.2685,45.6962,42.391841188637414,44.17479694831248,44.93652595297708,46.092857142857135,11.007857142857144,0.29175343606830495,66.57866692947528,21.958333070524723,0.35346366926189143,71.89,30.38,0.1770657672849915,-1.0460729670509323,-0.12905470141176523,57.578379999999996,51.925,46.27162,NONE,0,0,TREND_DOWN,NORMAL_VOL
M2RV34,D1,2025-11-07,40.55,40.85,40.04,40.85,59822.28,1475.0,44.628,45.825,42.04920981338466,43.87254268028407,44.790578597513615,37.88988560612296,9.57214285714286,0.2343241825493968,66.44466634768739,22.811333652312605,0.41341481920769096,71.89,30.38,0.2522283787039268,-1.1682006952778679,-0.33688390018498576,57.578379999999996,51.925,46.27162,NONE,1,0,TREND_DOWN,NORMAL_VOL
M2RV34,D1,2025-11-08,42.64,43.6,42.2,42.2,91930.28,2143.0,44.813,45.666799999999995,42.08271874374363,43.72049334571279,44.698057933316704,40.28391703502211,9.328571428571431,0.22105619498984433,66.4730589006343,23.1529410993657,0.4396816044686869,71.89,30.38,0.2847506624909661,-1.142879676706066,-0.49808305548920184,57.578379999999996,51.925,46.27162,NONE,0,0,TREND_DOWN,NORMAL_VOL
M2RV34,D1,2025-11-09,36.12,36.52,35.76,35.92,253644.5,6995.0,44.56,45.3166,40.71322568957837,43.011357587011624,44.384555864269686,48.890952233570616,7.797857142857144,0.21708956411072228,66.52463473284654,22.595365267153472,0.3033201984670498,71.89,30.38,0.133461816429776,-1.610985662990764,-0.7206635769895142,57.578379999999996,51.925,46.27162,NONE,0,0,TREND_DOWN,NORMAL_VOL
M2RV34,D1,2025-11-11,48.53,48.53,46.97,47.3,224825.55,4749.0,45.113,44.8018,42.17695331411651,43.40123417001056,44.4886788691172,58.18811881188118,8.176428571428573,0.17286318332829967,66.7501202481194,23.475879751880594,0.5505381486750781,71.89,30.38,0.4076126234642254,-1.0515702885643563,-0.7868449193044826,57.578379999999996,51.925,46.27162,500_618,0,0,TREND_DOWN,LOW_VOL
M2RV34,D1,2025-11-12,49.27,49.27,47.36,48.42,145031.81,3030.0,45.069500000000005,44.4096,43.56429702209062,43.85748560910051,44.62908319522016,55.439485069114696,7.7578571428571435,0.16022009795243997,66.67473667028314,23.464263329716868,0.5775390719188103,71.89,30.38,0.4345940737171766,-0.5119534534603076,-0.7318666261356477,57.578379999999996,51.925,46.27162,500_618,1,0,TREND_DOWN,LOW_VOL
M2RV34,D1,2025-12-02,62.47,62.47,60.65,60.65,86841.1,1413.0,45.6685,44.7906,47.36111990607048,45.384077826455005,45.20125879539087,59.592383503970915,8.53714285714286,0.14076080555882703,68.33239224248446,23.00460775751554,0.8305147200602314,71.89,30.38,0.7292218742471692,0.8922700322019494,-0.40703929446812825,57.578379999999996,51.925,46.27162,NONE,0,0,TREND_UP,LOW_VOL
M2RV34,D1,2025-12-03,40.41,40.94,40.07,40.43,9609.21,238.0,44.176,44.8988,45.82087103805481,44.93370711495909,45.030856695555485,51.79209979209979,9.68714285714286,0.2396028408890146,63.73434391869887,24.617656081301135,0.40423524569432956,65.06,30.38,0.28979238754325254,0.369285355359537,-0.2517743645025952,57.578379999999996,51.925,46.27162,NONE,0,0,TREND_DOWN,NORMAL_VOL
M2RV34,D1,2025-12-05,35.88,36.98,35.88,36.4,67409.83,1847.0,42.742999999999995,44.8646,43.7273441407093,44.15791555905372,44.72261181357136,44.85457618073468,8.942142857142857,0.24566326530612245,59.91253740602353,25.573462593976455,0.31528331690011935,64.86,30.38,0.17459396751740136,-0.3661503356749378,-0.27464955873706376,57.578379999999996,51.925,46.27162,NONE,0,0,TREND_DOWN,NORMAL_VOL
M2RV34,D1,2025-12-06,37.68,38.94,37.68,38.18,416.91,11.0,42.7485,44.8018,42.49460099832945,43.61446869004883,44.48894710594381,44.95738636363636,8.977857142857143,0.23514555114869418,59.91180390841551,25.585196091584493,0.3669108225205995,64.86,30.38,0.2262180974477958,-0.7961794345119131,-0.3789555338920336,57.578379999999996,51.925,46.27162,NONE,0,0,TREND_DOWN,NORMAL_VOL
M2RV34,D1,2025-12-08,41.24,41.92,41.12,41.76,2127226.32,50943.0,43.298500000000004,44.69700000000001,42.33135633203402,43.445880627317116,44.39148470930296,46.16653642441608,9.167142857142858,0.21951970443349758,59.52358295331969,27.073417046680323,0.4525888402411764,64.86,30.38,0.33004640371229693,-0.838439504147587,-0.4708523279431443,57.578379999999996,51.925,46.27162,NONE,0,0,TREND_DOWN,NORMAL_VOL
M2RV34,D1,2025-12-09,36.4,36.4,35.84,36.1,61794.0,1722.0,43.198,44.40860000000001,40.94661048047091,42.778073297561015,44.09536025539928,37.92091017524543,8.570714285714287,0.23741590819153147,59.5825184950852,26.813481504914797,0.28339308530399726,64.86,30.38,0.16589327146171698,-1.3135043506809794,-0.6393827324907113,57.578379999999996,51.925,46.27162,NONE,0,0,TREND_DOWN,NORMAL_VOL
M2RV34,D1,2025-12-11,47.6,48.8,47.24,47.44,358766.08,7491.0,43.54,43.94200000000001,42.38958592925515,43.201884815964554,44.2148116748493,53.90441101217889,7.732857142857142,0.16300289086966996,59.98163393084121,27.098366069158786,0.6186013511918782,64.86,30.38,0.49477958236658925,-0.7661220583560819,-0.6647305976637854,57.578379999999996,51.925,46.27162,500_618,0,0,TREND_DOWN,LOW_VOL
M2RV34,D1,2025-12-12,46.42,46.54,45.66,45.66,348983.85,7565.0,44.017,43.5738,43.11634461164289,43.42534983269505,44.26642554360468,58.10900264783759,7.186428571428571,0.15739002565546586,60.10192082339036,27.93207917660965,0.5510726791272349,64.86,30.38,0.44315545243619475,-0.47052485430259594,-0.6258894489915475,57.578379999999996,51.925,46.27162,NONE,0,0,TREND_DOWN,LOW_VOL
M2RV34,D1,2026-01-04,53.55,55.69,53.14,55.0,585282.02,10688.0,44.3685,43.867,45.75715692016669,44.4775907569955,44.649767488475945,59.264027464864284,7.341428571428572,0.13348051948051948,61.11095316238742,27.626046837612574,0.8175012615201483,64.86,30.38,0.7140371229698376,0.5115017284094208,-0.3984112135113539,57.578379999999996,51.925,46.27162,382_500,0,0,TREND_DOWN,LOW_VOL
M2RV34,D1,2026-01-06,101.06,113.09,99.46,111.49,2083559.2,19092.0,47.465999999999994,45.510799999999996,60.36445538235186,50.569627960904995,47.0369186496018,74.09605676081321,11.267857142857142,0.10106607895647271,81.85734676966837,13.07465323033162,1.4308155395715165,113.09,30.38,0.9806553016563897,5.78139148149252,0.837549325489421,80.57416,70.53,60.48584,NONE,0,0,TREND_UP,LOW_VOL
M2RV34,D1,2026-02-01,47.49,48.9,46.95,48.9,1164106.06,24019.0,47.3815,45.850199999999994,57.81679863071812,50.41784360082272,47.10345726925888,51.61197189875855,15.68142857142857,0.32068361086765995,81.74882430667247,13.01417569332753,0.5220922057598936,113.09,30.38,0.2239148833272881,4.85140320847794,1.640320102087125,80.57416,70.53,60.48584,NONE,0,0,TREND_UP,HIGH_VOL
M2RV34,D1,2026-02-02,41.13,41.59,40.9,41.28,71357.48,1730.0,46.324,45.890600000000006,54.14195449055853,49.58713054620247,46.89547665249964,51.28131573914707,15.792857142857143,0.38257890365448505,80.03700383188098,12.610996168119023,0.4251920709119651,113.09,30.38,0.13178575746584453,3.4596300235408393,2.0041820863778677,80.57416,70.53,60.48584,NONE,0,0,TREND_UP,HIGH_VOL
M2RV34,D1,2026-02-03,41.81,42.8,41.33,41.83,584883.47,13995.0,46.425,45.9048,51.40596460376774,48.88193686018406,46.714566772053224,48.620985226642475,15.000714285714285,0.3586113862231481,80.06786520121864,12.78213479878135,0.4317091458691582,113.09,30.38,0.1384354975214605,2.373658097752042,2.0780772886527026,80.57416,70.53,60.48584,NONE,0,0,TREND_UP,HIGH_VOL
M2RV34,D1,2026-02-04,55.0,55.3,52.06,55.23,119984.85,2191.0,47.6385,46.0792,52.25575024737491,49.45903350925824,47.018689387337034,51.61673234889132,15.822142857142856,0.28647732857401514,80.67806624858652,14.598933751413483,0.6148849827943,113.09,35.76,0.251778093883357,2.5647210265756115,2.1754060362372845,80.57416,70.53,60.48584,NONE,1,0,TREND_UP,NORMAL_VOL
M2RV34,D1,2026-02-06,129.0,145.0,123.2,145.0,17926360.98,127542.0,53.001999999999995,48.0224,72.86558352573604,58.14457591750749,50.51802190921786,64.63647405865001,21.23071428571428,0.14641871921182262,107.27402850359232,-1.2700285035923358,1.3475636763227907,145.0,35.76,1.0,9.846326215521998,3.7095900720942274,100.29454,86.485,72.67546,NONE,0,0,TREND_UP,LOW_VOL
M2RV34,D1,2026-03-02,41.41,41.41,38.2,39.59,206768.29,5324.0,52.939,47.3864,65.47100940890581,56.45779628864317,50.127735412460076,49.8875020088927,27.389285714285712,0.6918233320102478,107.27331285738518,-1.3953128573851856,0.3771586563076818,145.0,35.76,0.03506041742951305,7.030303771357232,4.373732811946828,100.29454,86.485,72.67546,NONE,0,0,TREND_UP,HIGH_VOL
M2RV34,D1,2026-03-03,41.83,41.83,40.81,40.81,179688.72,4371.0,52.869499999999995,47.615,59.99078509581564,55.035269353311975,49.794959147729365,50.59509351469517,27.224285714285713,0.667098400252039,107.26517183827077,-1.526171838270784,0.3891501879427531,145.0,35.76,0.046228487733431016,4.8412228960559816,4.46723082876866,100.29454,86.485,72.67546,NONE,0,0,TREND_UP,HIGH_VOL
M2RV34,D1,2026-03-06,161.19,163.33,149.24,153.21,24344818.36,156872.0,58.734,50.01740000000001,80.70616618563439,63.96024486664725,53.48835346388189,61.953652707056015,35.794285714285714,0.23362891269685865,128.54246952084046,-11.074469520840445,1.1766800693989958,163.33,35.84,0.9206212251941328,12.037342177275164,5.981253098469962,111.62248,95.65,79.67752,NONE,0,0,TREND_UP,NORMAL_VOL
M2RV34,D1,2026-04-02,39.59,39.7,37.97,38.76,7856009.58,205061.0,58.307,50.004,71.38479592216008,61.669313515133865,52.96234084017183,49.74663018141278,43.75857142857143,1.1289621111602537,128.51328884711268,-11.899288847112658,0.3607888244700752,163.33,35.84,0.022903757157424067,8.408235150569098,6.466649508889789,111.62248,95.65,79.67752,NONE,0,0,TREND_UP,HIGH_VOL
M2RV34,D1,2026-04-03,40.93,41.11,40.7,40.86,20983.1,513.0,57.928999999999995,49.978,64.60150793945785,59.77755774103079,52.53011438159426,50.4044455018183,43.50357142857143,1.0646982728480527,128.44017355277444,-12.582173552774442,0.37896244566668136,163.33,35.84,0.03937563730488662,5.6366187034282405,6.300643347797481,111.62248,95.65,79.67752,NONE,0,0,TREND_UP,HIGH_VOL
M2RV34,D1,2026-04-05,84.0,84.0,81.03,81.68,654333.57,8017.0,58.980500000000006,50.8948,68.3967283973561,61.76868885548254,53.57118172510875,52.77049551736415,45.67785714285714,0.559229396949769,130.285279045565,-12.324279045565007,0.6591723605615175,163.33,35.84,0.3595576123617539,6.65718566132724,6.3719518105034325,111.62248,95.65,79.67752,500_618,0,0,TREND_UP,HIGH_VOL
M2RV34,D1,2026-05-01,50.47,50.85,48.77,48.77,116389.62,2354.0,59.3975,50.8892,64.03523319794364,60.58698986862049,53.39971094921201,50.23957354368558,47.901428571428575,0.9821904566624682,130.34213397237093,-11.547133972370936,0.425100043477997,163.33,35.84,0.10141971919366224,4.755610649295662,6.048683578261879,111.62248,95.65,79.67752,NONE,0,0,TREND_UP,HIGH_VOL
M2RV34,D1,2026-05-02,38.07,39.18,37.45,38.94,208555.35,5467.0,59.5245,50.648,58.45851470951172,58.6190816987459,52.883292701025866,48.76377855779297,47.99357142857143,1.2325005502971604,130.30469630109158,-11.255696301091575,0.35458856378106324,163.33,35.84,0.02431563259863514,2.4274181395923407,5.324430490527972,111.62248,95.65,79.67752,NONE,0,0,TREND_UP,HIGH_VOL
M2RV34,D1,2026-05-03,41.91,41.91,39.92,40.17,543215.24,13351.0,59.62400000000001,50.0532,54.394400329620225,56.94189245340536,52.42924653313208,43.99966346962813,44.056428571428576,1.0967495287883637,130.28335015417656,-11.035350154176541,0.3623395208309164,163.33,35.84,0.03396344811357752,0.6737924623080573,4.394302884883989,111.62248,95.65,79.67752,NONE,0,0,TREND_UP,HIGH_VOL
M2RV34,D1,2026-05-05,82.87,85.0,81.21,82.72,817545.07,9806.0,61.672000000000004,51.01839999999999,60.68897803414906,59.285356775823054,53.5110591569488,52.94465921359662,42.64857142857142,0.5155775075987842,132.5253690020974,-9.181369002097377,0.6485321043758479,163.33,35.84,0.36771511491097336,2.686492658597494,4.05274083962669,111.62248,95.65,79.67752,500_618,0,0,TREND_UP,HIGH_VOL
M2RV34,D1,2026-05-06,153.05,155.23,138.9,142.21,13298461.87,91066.0,66.97749999999999,53.1894,78.80476069322705,66.82396070529369,56.678878472772055,58.05982783128104,47.256428571428565,0.33230032045164587,145.2690269664403,-11.31402696644031,0.9804638695592721,163.33,37.45,0.8322211630123927,8.97842024647558,5.0378767209964685,111.62248,95.65,79.67752,NONE,0,0,TREND_UP,NORMAL_VOL
M2RV34,D1,2026-06-01,50.25,50.54,46.67,47.82,538050.27,11118.0,66.9965,53.3758,71.91925831695438,65.09632791390335,56.36248995588734,50.415989555120355,53.972142857142856,1.1286520881878472,145.26824505999497,-11.275245059994987,0.3775004953236875,163.33,37.45,0.08238004448681281,6.275988353827628,5.285499047562701,111.62248,95.65,79.67752,NONE,0,0,TREND_UP,HIGH_VOL
M2RV34,D1,2026-06-02,40.51,42.16,40.13,41.95,770597.37,18597.0,66.811,53.395199999999996,65.25942313540897,62.99211628536668,55.8477581717485,49.06799169052832,53.559285714285714,1.276741018218968,145.31290286664535,-11.690902866645317,0.3416535199010876,163.33,37.45,0.03574833174451859,3.618915066381767,4.952182251326515,111.62248,95.65,79.67752,NONE,0,0,TREND_UP,HIGH_VOL
M2RV34,D1,2026-06-03,42.3,49.14,42.3,47.17,2427369.23,51627.0,66.4195,53.6138,61.239551327540305,61.55374207760607,55.537838237043196,42.209622704613864,47.660714285714285,1.0104031012447379,145.24684002736285,-12.407840027362852,0.37790086540204176,163.33,37.45,0.07721639656816014,1.9123315498201165,4.344212111025236,111.62248,95.65,79.67752,NONE,0,0,TREND_UP,HIGH_VOL
M2RV34,D1,2026-06-04,55.98,57.0,54.72,56.29,54460.67,971.0,63.6595,53.7538,60.13965103253135,61.07522007055097,55.564701157148804,51.57072987208427,40.73428571428571,0.7236504834657259,139.65702779220072,-12.338027792200727,0.45151487019320974,163.33,37.45,0.14966634890371777,1.2809931075017715,3.7315683103205433,111.62248,95.65,79.67752,NONE,1,0,TREND_UP,HIGH_VOL
M2RV34,D1,2026-06-05,83.55,86.48,82.41,84.1,297043.16,3526.0,65.4195,54.46240000000001,65.46417302530216,63.16838188231906,56.58381897296491,53.8777118902166,42.730714285714285,0.5080941056565313,141.60795650235036,-10.768956502350363,0.6225940310224274,163.33,37.45,0.3705910390848426,2.990218053178282,3.583298258892091,111.62248,95.65,79.67752,500_618,0,0,TREND_UP,HIGH_VOL
M2RV34,D1,2026-07-01,51.97,51.97,45.56,47.0,578275.59,12226.0,65.7055,53.9968,61.3610234641239,61.698528983926415,56.24153972393046,39.00267141585039,36.732142857142854,0.7815349544072948,141.55460351619547,-10.143603516195455,0.3766926757677105,163.33,37.45,0.07586590403558942,1.3357336880737947,3.133785344728432,111.62248,95.65,79.67752,NONE,0,0,TREND_UP,HIGH_VOL
M2RV34,D1,2026-07-04,56.86,56.87,55.05,56.12,83522.11,1491.0,66.42,53.818000000000005,60.19635158320747,61.19138998538765,56.237199019504374,52.29897234876576,29.205714285714286,0.5204154363099481,141.588292587542,-8.74829258754201,0.4314870695778777,163.33,37.45,0.14831585637114708,0.7517845850651668,2.6573851927957794,111.62248,95.65,79.67752,NONE,1,0,TREND_UP,HIGH_VOL
M2RV34,D1,2026-07-05,83.89,83.89,78.09,79.08,713085.78,8829.0,67.6125,54.6382,64.39271789805025,62.81762725944331,57.05301334023636,54.796445961548116,31.02142857142857,0.39227906640653226,142.7900601667917,-7.56506016679171,0.5762694344865528,163.33,37.45,0.33071178900540193,2.1172742099436874,2.549362996225361,111.62248,95.65,79.67752,NONE,0,0,TREND_UP,HIGH_VOL
M2RV34,D1,2026-08-01,46.0,47.95,44.03,47.95,1544852.41,34407.0,62.760000000000005,54.982,60.73878058737242,61.4660247813121,56.7279057209422,45.66151313250842,30.443571428571428,0.6349024281245345,128.8894822378993,-3.369482237899291,0.38802271317714715,163.33,37.45,0.08341277407054337,0.679668939293613,2.1754241848390117,111.62248,95.65,79.67752,NONE,0,0,TREND_UP,HIGH_VOL
M2RV34,D1,2026-08-04,59.01,59.03,56.4,57.0,72106.22,1252.0,63.6305,55.35979999999999,59.90794045684521,61.060022528465545,56.73762337376569,51.12779894208896,28.88428571428571,0.5067418546365914,128.9289053887673,-1.6679053887673234,0.44922923492140454,163.33,37.45,0.15530664124563073,0.26753183050174556,1.7938457139715587,111.62248,95.65,79.67752,NONE,0,0,TREND_UP,HIGH_VOL
M2RV34,D1,2026-08-05,81.36,83.5,80.58,82.0,510046.79,6169.0,65.69,56.187799999999996,64.81728702199072,62.963656844059585,57.63985111041692,55.665193137564465,29.968571428571426,0.36547038327526127,130.55467013389458,0.8253298661054203,0.625723294100877,163.33,37.45,0.35390848427073396,1.9358855848043888,1.8222536881381248,111.62248,95.65,79.67752,500_618,0,0,TREND_UP,NORMAL_VOL
M2RV34,D1,2026-08-06,149.91,158.17,146.0,149.99,25767206.32,170316.0,65.529,58.4652,83.74455657265946,70.87514258550871,60.93807071361632,62.28961504028648,35.19714285714286,0.23466326326517004,129.48867805455333,1.569321945446653,1.1602675511277623,158.17,37.45,0.9322398939695165,8.644642679089316,3.1867314863283633,111.62248,95.65,79.67752,NONE,0,0,TREND_UP,NORMAL_VOL
M2RV34,D1,2026-09-01,45.21,45.31,44.21,44.8,1124274.98,24985.0,65.83099999999999,58.401799999999994,75.09021066762402,68.5046750777352,60.361711045272884,46.27826633165829,39.55071428571428,0.8828284438775509,129.31374523961532,2.3482547603846626,0.3343565647593013,158.17,37.45,0.06088469184890652,5.411051881972497,3.6315955654571903,111.62248,95.65,79.67752,NONE,0,0,TREND_UP,HIGH_VOL
M2RV34,D1,2026-09-02,41.67,43.0,41.43,42.57,549673.14,12983.0,65.91650000000001,58.2624,67.86349718592979,66.14697734339563,59.72629279365599,38.982263700296336,34.61214285714285,0.8130641967851269,129.26209687269434,2.5709031273056766,0.31572120910850776,158.17,37.45,0.042412193505632856,2.6380556519582115,3.432887582757395,111.62248,95.65,79.67752,NONE,0,0,TREND_UP,HIGH_VOL
M2RV34,D1,2026-09-03,47.17,47.81,44.01,47.41,257977.72,5508.0,64.203,58.1988,63.3182755890565,64.4436157667233,59.286425193882565,49.94346854920994,28.162142857142857,0.5940127158224606,127.6071971381773,0.7988028618227148,0.3675718583471463,158.17,37.45,0.0825049701789264,0.8215138118962031,2.910612828585157,111.62248,95.65,79.67752,NONE,1,0,TREND_UP,HIGH_VOL
M2RV34,D1,2026-09-04,59.03,63.89,59.0,62.07,75793.91,1233.0,64.86800000000001,58.1916,63.0408810137106,64.22783251520299,59.38583857981533,52.70852404286253,28.79,0.4638311583695827,127.8683604333884,1.8676395666116221,0.47779377783910937,158.17,37.45,0.2039430086149768,0.558393979233422,2.44016905871481,111.62248,95.65,79.67752,NONE,0,0,TREND_UP,HIGH_VOL
M2RV34,D1,2026-09-06,153.01,155.31,126.88,140.25,45473884.14,330943.0,69.93350000000001,60.2004,80.1984630106638,71.13893865018454,62.273844344821924,60.47301858769522,34.93642857142857,0.24910109498344793,140.04613818051342,-0.17913818051340513,1.001453816492839,158.17,39.92,0.8484566596194504,6.582463694620316,3.268627985895911,111.62248,95.65,79.67752,NONE,0,0,TREND_UP,NORMAL_VOL
M2RV34,D1,2026-10-02,42.95,43.13,42.41,42.57,78127.65,1828.0,70.0535,60.4326,71.8365823416274,68.54176240925868,61.570135618221144,48.71280069050925,41.222857142857144,0.9683546427732475,139.95956005656154,0.14743994343845657,0.3034254828711353,158.17,40.13,0.020670958996950168,3.4350258511813507,3.301907558952999,111.62248,95.65,79.67752,NONE,0,0,TREND_UP,HIGH_VOL
M2RV34,D1,2026-10-03,47.34,49.0,47.34,48.59,288979.87,5975.0,68.34700000000001,60.6498,66.6706751545991,66.7279658265988,61.106559346141815,46.5264599432652,39.52571428571429,0.8134536794754946,138.6165121731512,-1.922512173151162,0.3594198295320681,158.17,40.13,0.07167062012876992,1.410166847333926,2.9235594166291845,111.62248,95.65,79.67752,NONE,0,0,TREND_UP,HIGH_VOL
M2RV34,D1,2026-10-04,62.07,66.67,62.07,66.67,1347137.84,20836.0,64.57000000000001,61.166199999999996,66.67052512024374,66.72269620599891,61.30525365520818,51.998455692601546,38.06428571428571,0.5709357389273393,125.64170177663911,3.498298223360898,0.5171929055430652,158.17,40.13,0.22483903761436802,1.2499477776832748,2.5888370888400027,111.62248,95.65,79.67752,NONE,0,0,TREND_UP,HIGH_VOL
M2RV34,D1,2026-11-02,42.88,42.88,41.2,42.26,56776.36,1349.0,64.292,61.16740000000001,61.245963982411794,64.49881473272629,60.62506602466504,48.63426747073431,39.17857142857143,0.9270840375904267,125.73423392320376,2.849766076796236,0.3207096438946406,158.17,40.13,0.01804473059979664,-0.8370608697943851,1.9036574971131255,111.62248,95.65,79.67752,NONE,1,0,TREND_UP,HIGH_VOL
M2RV34,D1,2026-11-03,48.79,48.95,46.66,46.66,128427.14,2710.0,64.5275,61.382200000000005,58.004638652986955,62.87710430247844,60.12631366664129,46.68412224358712,37.67285714285714,0.8073908517543322,125.64441431829229,3.4105856817077154,0.35382524462092924,158.17,41.2,0.04667863554757625,-2.111645298789192,1.1005969379326621,111.62248,95.65,79.67752,NONE,0,0,TREND_UP,HIGH_VOL
M2RV34,D1,2026-11-05,79.54,85.36,79.54,84.4,360581.37,4369.0,66.389,62.1242,63.87027450787875,64.83373118407131,60.99323103568981,53.678325630209706,37.93357142857143,0.4494498984427895,127.54780378163072,5.230196218369272,0.6472478113233607,158.17,41.2,0.3693254680687356,-0.07558870841431542,0.8653598086632667,111.62248,95.65,79.67752,500_618,0,0,TREND_UP,NORMAL_VOL
M2RV34,D1,2026-12-01,44.15,44.82,44.03,44.66,17163.13,386.0,65.8075,62.049,59.60132461723903,62.99975562188301,60.40990135584374,48.82735289645735,40.02571428571429,0.8962318469707633,127.58859636791064,4.026403632089362,0.32885137005286214,158.17,41.2,0.029580234248097755,-1.6496687164292752,0.36235410364475834,111.62248,95.65,79.67752,NONE,0,0,TREND_UP,HIGH_VOL
M2RV34,D1,2026-12-02,41.11,41.11,40.41,40.83,43978.7,1080.0,63.64399999999999,61.6526,55.42991914674147,60.984323292620914,59.71061916456361,45.92368165706252,38.43642857142857,0.9413771386585494,125.75754404382522,1.5304559561747553,0.3163524529859124,158.17,40.41,0.0035665760869565367,-3.169649705997358,-0.344046658283665,111.62248,95.65,79.67752,NONE,1,0,TREND_UP,HIGH_VOL
M2RV34,D1,2026-12-03,45.72,46.52,45.72,46.04,25427.4,552.0,63.59599999999999,61.764799999999994,53.343270447465585,59.625748447837196,59.222382765829195,38.246534451957224,33.40214285714286,0.72550266848703,125.76515918431113,1.4268408156888555,0.35880458871936627,158.17,40.41,0.04780910326086959,-3.908784102884063,-1.0569941472037447,111.62248,95.65,79.67752,NONE,0,0,TREND_UP,HIGH_VOL
M2RV34,D1,2026-12-05,80.7,81.97,77.46,81.5,2001739.73,25034.0,64.865,62.666799999999995,59.600321459139906,61.614316770761086,60.018011952763864,54.92643900343643,28.412857142857142,0.34862401402278703,127.42650842844274,2.3034915715572453,0.6329491600975938,158.17,40.41,0.3489300271739131,-1.6146155066798116,-1.1685184190989581,111.62248,95.65,79.67752,500_618,1,0,TREND_UP,NORMAL_VOL
