time,open,high,low,close,tick_volume,spread,real_volume
2020-09-15 00:00:00,23444.0,23506.0,23336.0,23450.0,4972,9,0
2020-09-16 00:00:00,23460.0,23506.0,23376.0,23450.0,7153,9,0
2020-09-17 00:00:00,23450.0,23465.0,23200.0,23335.0,9899,10,0
2020-09-18 00:00:00,23319.0,23400.0,23175.0,23216.0,8202,9,0
2020-09-21 00:00:00,23224.0,23375.0,22605.0,22900.0,12412,6,0
2020-09-22 00:00:00,22894.0,23071.0,22711.0,23025.0,9808,6,0
2020-09-23 00:00:00,23039.0,23395.0,23020.0,23220.0,9290,6,0
2020-09-24 00:00:00,23254.0,23260.0,23005.0,23149.0,11282,7,0
2020-09-25 00:00:00,23158.0,23335.0,22985.0,23300.0,9013,9,0
2020-09-28 00:00:00,23354.0,23545.0,23295.0,23510.0,5522,5,0
2020-09-29 00:00:00,23385.0,23601.0,23331.0,23421.0,9269,6,0
2020-09-30 00:00:00,23420.0,23511.0,23121.0,23261.0,11585,6,0
2020-10-01 00:00:00,23331.0,23361.0,23211.0,23311.0,8473,6,0
2020-10-02 00:00:00,23291.0,23346.0,22937.0,23186.0,13592,10,0
2020-10-05 00:00:00,23281.0,23421.0,23216.0,23401.0,7530,10,0
2020-10-06 00:00:00,23410.0,23431.0,23211.0,23211.0,8529,6,0
2020-10-07 00:00:00,23220.0,23496.0,23205.0,23496.0,7100,6,0
2020-10-08 00:00:00,23506.0,23686.0,23456.0,23636.0,6688,5,0
2020-10-09 00:00:00,23656.0,23716.0,23532.0,23582.0,5549,5,0
2020-10-12 00:00:00,23580.0,23641.0,23481.0,23616.0,5503,5,0
2020-10-13 00:00:00,23620.0,23656.0,23471.0,23511.0,6229,9,0
2020-10-14 00:00:00,23500.0,23642.0,23500.0,23541.0,6049,9,0
2020-10-15 00:00:00,23546.0,23571.0,23356.0,23476.0,7817,6,0
2020-10-16 00:00:00,23495.0,23556.0,23366.0,23502.0,7023,6,0
2020-10-19 00:00:00,23515.0,23716.0,23486.0,23531.0,6748,6,0
2020-10-20 00:00:00,23540.0,23656.0,23506.0,23551.0,7277,9,0
2020-10-21 00:00:00,23570.0,23676.0,23511.0,23556.0,7702,5,0
2020-10-22 00:00:00,23531.0,23601.0,23406.0,23581.0,6774,7,0
2020-10-23 00:00:00,23595.0,23596.0,23451.0,23522.0,6289,9,0
2020-10-26 00:00:00,23510.0,23556.0,23347.0,23401.0,7008,7,0
2020-10-27 00:00:00,23391.0,23516.0,23226.0,23341.0,7571,7,0
2020-10-28 00:00:00,23340.0,23436.0,23052.0,23056.0,10600,7,0
2020-10-29 00:00:00,23081.0,23386.0,23067.0,23211.0,10960,5,0
2020-10-30 00:00:00,23195.0,23292.0,22867.0,23186.0,13173,6,0
2020-11-02 00:00:00,23135.0,23436.0,23041.0,23426.0,11605,6,0
2020-11-03 00:00:00,23426.0,23497.0,23401.0,23477.0,278,6,0
2020-11-04 00:00:00,23766.0,24070.0,23490.0,23900.0,24073,6,0
2020-11-05 00:00:00,23900.0,24375.0,23860.0,24262.0,15360,5,0
2020-11-06 00:00:00,24262.0,24462.0,24082.0,24337.0,13348,5,0
2020-11-07 00:00:00,24342.0,24357.0,24317.0,24332.0,131,10,0
2020-11-09 00:00:00,24422.0,25895.0,24362.0,25436.0,19118,6,0
2020-11-10 00:00:00,25441.0,25486.0,24826.0,25240.0,20171,7,0
2020-11-11 00:00:00,25240.0,25700.0,25145.0,25575.0,15095,8,0
2020-11-12 00:00:00,25570.0,25605.0,25215.0,25290.0,14073,6,0
2020-11-13 00:00:00,25290.0,25665.0,25205.0,25625.0,12792,6,0
2020-11-14 00:00:00,25625.0,25640.0,25605.0,25620.0,152,10,0
2020-11-16 00:00:00,25659.0,26215.0,25639.0,26190.0,14678,6,0
2020-11-17 00:00:00,26190.0,26200.0,25855.0,25996.0,11426,5,0
2020-11-18 00:00:00,25996.0,26001.0,25635.0,25635.0,11081,7,0
2020-11-19 00:00:00,25635.0,25685.0,25405.0,25590.0,12161,9,0
2020-11-20 00:00:00,25585.0,25756.0,25421.0,25736.0,10525,9,0
2020-11-21 00:00:00,25736.0,25737.0,25662.0,25701.0,145,10,0
2020-11-23 00:00:00,25665.0,26052.0,25656.0,25931.0,6949,6,0
2020-11-24 00:00:00,25931.0,26511.0,25921.0,26466.0,12401,5,0
2020-11-25 00:00:00,26461.0,26711.0,26181.0,26301.0,14607,6,0
2020-11-26 00:00:00,26297.0,26591.0,26251.0,26472.0,8290,6,0
2020-11-27 00:00:00,26465.0,26811.0,26411.0,26791.0,9653,5,0
2020-11-30 00:00:00,26820.0,26932.0,26302.0,26317.0,12732,5,0
2020-12-01 00:00:00,26306.0,26971.0,26306.0,26906.0,10978,5,0
2020-12-02 00:00:00,26906.0,26921.0,26687.0,26817.0,10030,5,0
2020-12-03 00:00:00,26822.0,26917.0,26691.0,26721.0,9707,5,0
2020-12-04 00:00:00,26731.0,26866.0,26646.0,26861.0,8434,6,0
2020-12-05 00:00:00,26861.0,26871.0,26821.0,26836.0,112,10,0
2020-12-07 00:00:00,26866.0,26951.0,26321.0,26436.0,10763,5,0
2020-12-08 00:00:00,26436.0,26571.0,26316.0,26571.0,9882,5,0
2020-12-09 00:00:00,26571.0,26916.0,26506.0,26676.0,11487,5,0
2020-12-10 00:00:00,26676.0,26839.0,26619.0,26709.0,10439,5,0
2020-12-11 00:00:00,26704.0,26814.0,26430.0,26599.0,9280,6,0
2020-12-12 00:00:00,26599.0,26625.0,26585.0,26599.0,128,9,0
2020-12-14 00:00:00,26773.0,26854.0,26604.0,26710.0,9052,5,0
2020-12-15 00:00:00,26705.0,26834.0,26594.0,26809.0,7559,6,0
2020-12-16 00:00:00,26814.0,26865.0,26710.0,26815.0,5792,5,0
2020-12-17 00:00:00,26815.0,26865.0,26675.0,26804.0,4934,6,0
2020-12-18 00:00:00,26804.0,26879.0,26700.0,26764.0,6475,5,0
2020-12-19 00:00:00,26764.0,26939.0,26755.0,26909.0,206,9,0
2020-12-21 00:00:00,26999.0,27018.0,26214.0,26558.0,16742,6,0
2020-12-22 00:00:00,26558.0,26643.0,26363.0,26604.0,11128,5,0
2020-12-23 00:00:00,26604.0,26758.0,26414.0,26698.0,7312,5,0
2020-12-24 00:00:00,26698.0,26748.0,26593.0,26658.0,4851,5,0
2020-12-28 00:00:00,26606.0,26983.0,26602.0,26942.0,5523,6,0
2020-12-29 00:00:00,26938.0,27703.0,26889.0,27508.0,10421,5,0
2020-12-30 00:00:00,27513.0,27619.0,27338.0,27423.0,8092,5,0
2020-12-31 00:00:00,27418.0,27578.0,27418.0,27518.0,3375,6,0
2021-01-01 00:00:00,27518.0,27548.0,27503.0,27508.0,128,10,0
2021-01-04 00:00:00,27567.0,27674.0,27034.0,27128.0,16358,5,0
2021-01-05 00:00:00,27133.0,27273.0,26959.0,27149.0,12378,5,0
2021-01-06 00:00:00,27154.0,27472.0,26948.0,27336.0,15632,5,0
2021-01-07 00:00:00,27336.0,27661.0,27301.0,27611.0,12108,5,0
2021-01-08 00:00:00,27616.0,28310.0,27600.0,28310.0,14603,5,0
2021-01-09 00:00:00,28310.0,28370.0,28295.0,28345.0,204,9,0
2021-01-11 00:00:00,28299.0,28350.0,27955.0,28040.0,8993,5,0
2021-01-12 00:00:00,28035.0,28285.0,27960.0,28191.0,13062,5,0
2021-01-13 00:00:00,28191.0,28515.0,28116.0,28450.0,9231,5,0
2021-01-14 00:00:00,28450.0,28979.0,28405.0,28864.0,12477,5,0
2021-01-15 00:00:00,28864.0,28914.0,28154.0,28330.0,15287,5,0
2021-01-16 00:00:00,28330.0,28335.0,28219.0,28229.0,253,10,0
2021-01-18 00:00:00,28253.0,28365.0,28105.0,28335.0,8656,6,0
2021-01-19 00:00:00,28324.0,28789.0,28314.0,28729.0,11251,6,0
2021-01-20 00:00:00,28734.0,28830.0,28394.0,28709.0,10536,5,0
2021-01-21 00:00:00,28705.0,28850.0,28519.0,28674.0,8781,5,0
2021-01-22 00:00:00,28674.0,28694.0,28409.0,28619.0,9497,7,0
2021-01-23 00:00:00,28624.0,28634.0,28589.0,28594.0,105,10,0
2021-01-25 00:00:00,28629.0,28850.0,28478.0,28839.0,11558,5,0
2021-01-26 00:00:00,28839.0,28859.0,28519.0,28724.0,8031,5,0
2021-01-27 00:00:00,28724.0,28764.0,28179.0,28219.0,15253,9,0
2021-01-28 00:00:00,28215.0,28538.0,27829.0,28413.0,20003,5,0
2021-01-29 00:00:00,28414.0,28423.0,27578.0,27788.0,26875,5,0
2021-01-30 00:00:00,27788.0,27838.0,27688.0,27688.0,206,10,0
2021-02-01 00:00:00,27712.0,28323.0,27583.0,28308.0,14572,7,0
2021-02-02 00:00:00,28303.0,28528.0,28088.0,28493.0,9469,7,0
2021-02-03 00:00:00,28493.0,28733.0,28409.0,28589.0,10372,5,0
2021-02-04 00:00:00,28589.0,28632.0,28303.0,28632.0,10300,5,0
2021-02-05 00:00:00,28637.0,28907.0,28547.0,28802.0,9333,5,0
2021-02-06 00:00:00,28802.0,28812.0,28777.0,28777.0,112,9,0
2021-02-08 00:00:00,28841.0,29542.0,28818.0,29461.0,10452,5,0
2021-02-09 00:00:00,29461.0,29595.0,29351.0,29430.0,8756,5,0
2021-02-10 00:00:00,29430.0,29563.0,29178.0,29283.0,11355,5,0
2021-02-11 00:00:00,29278.0,29348.0,29278.0,29343.0,249,10,0
2021-02-12 00:00:00,29639.0,29663.0,29313.0,29633.0,6869,9,0
2021-02-13 00:00:00,29633.0,29648.0,29623.0,29632.0,115,10,0
2021-02-15 00:00:00,29632.0,30287.0,29632.0,30237.0,6404,8,0
2021-02-16 00:00:00,30231.0,30717.0,30177.0,30417.0,14041,5,0
2021-02-17 00:00:00,30422.0,30457.0,30153.0,30353.0,12783,5,0
2021-02-18 00:00:00,30353.0,30573.0,29897.0,30132.0,14269,7,0
2021-02-19 00:00:00,30137.0,30323.0,29757.0,30207.0,14854,8,0
2021-02-20 00:00:00,30207.0,30207.0,30162.0,30167.0,129,10,0
2021-02-22 00:00:00,30190.0,30461.0,29976.0,29991.0,16400,9,0
2021-02-23 00:00:00,29991.0,30146.0,29651.0,30001.0,12729,9,0
2021-02-24 00:00:00,30006.0,30126.0,29621.0,30066.0,19008,6,0
2021-02-25 00:00:00,30066.0,30230.0,29499.0,29599.0,18016,5,0
2021-02-26 00:00:00,29594.0,29664.0,28984.0,29264.0,31414,7,0
2021-02-27 00:00:00,29264.0,29274.0,29189.0,29234.0,201,10,0
2021-03-01 00:00:00,29303.0,29929.0,29303.0,29899.0,13025,5,0
2021-03-02 00:00:00,29894.0,30019.0,29305.0,29514.0,18142,5,0
2021-03-03 00:00:00,29514.0,29759.0,29265.0,29284.0,15295,5,0
2021-03-04 00:00:00,29284.0,29334.0,28702.0,28912.0,21359,4,0
2021-03-05 00:00:00,28912.0,29187.0,28293.0,29167.0,28198,5,0
2021-03-06 00:00:00,29167.0,29207.0,29157.0,29202.0,140,10,0
2021-03-08 00:00:00,29246.0,29467.0,28554.0,28824.0,27915,5,0
2021-03-09 00:00:00,28824.0,29272.0,28600.0,29201.0,20328,5,0
2021-03-10 00:00:00,29201.0,29256.0,28952.0,29109.0,16501,5,0
2021-03-11 00:00:00,29104.0,29374.0,28999.0,29279.0,10934,5,0
2021-03-12 00:00:00,29279.0,29770.0,29204.0,29714.0,13080,5,0
2021-03-13 00:00:00,29714.0,29719.0,29684.0,29689.0,106,10,0
2021-03-15 00:00:00,29749.0,29894.0,29589.0,29829.0,8198,6,0
2021-03-16 00:00:00,29814.0,30034.0,29744.0,29839.0,9377,5,0
2021-03-17 00:00:00,29814.0,30039.0,29799.0,29984.0,11265,5,0
2021-03-18 00:00:00,30024.0,30490.0,29904.0,29934.0,16043,5,0
2021-03-19 00:00:00,29969.0,30049.0,29104.0,29465.0,19299,6,0
2021-03-22 00:00:00,29435.0,29470.0,28908.0,29262.0,12646,5,0
2021-03-23 00:00:00,29234.0,29499.0,28798.0,28833.0,12818,5,0
2021-03-24 00:00:00,28819.0,28854.0,28279.0,28483.0,14218,5,0
2021-03-25 00:00:00,28488.0,29083.0,28404.0,29053.0,19288,5,0
2021-03-26 00:00:00,29053.0,29638.0,28943.0,29598.0,11991,9,0
2021-03-29 00:00:00,29553.0,29603.0,29182.0,29507.0,13319,5,0
2021-03-30 00:00:00,29363.0,29538.0,29278.0,29327.0,9947,7,0
2021-03-31 00:00:00,29295.0,29430.0,29135.0,29344.0,8500,5,0
2021-04-01 00:00:00,29394.0,29714.0,29305.0,29699.0,7082,9,0
2021-04-02 00:00:00,29659.0,30094.0,29659.0,30039.0,4229,4,0
2021-04-05 00:00:00,29984.0,30244.0,29984.0,30229.0,5324,5,0
2021-04-06 00:00:00,30254.0,30274.0,29609.0,29619.0,11008,5,0
2021-04-07 00:00:00,29619.0,29864.0,29509.0,29659.0,9440,5,0
2021-04-08 00:00:00,29669.0,29769.0,29504.0,29759.0,8433,6,0
2021-04-09 00:00:00,29834.0,30069.0,29744.0,29924.0,8652,5,0
2021-04-12 00:00:00,29949.0,29984.0,29534.0,29574.0,8073,5,0
2021-04-13 00:00:00,29569.0,29895.0,29554.0,29808.0,9260,8,0
2021-04-14 00:00:00,29808.0,29833.0,29559.0,29613.0,8656,5,0
2021-04-15 00:00:00,29623.0,29783.0,29518.0,29750.0,7904,4,0
2021-04-16 00:00:00,29778.0,29828.0,29615.0,29798.0,7672,4,0
2021-04-17 00:00:00,29798.0,29798.0,29798.0,29798.0,1,16,0
2021-04-19 00:00:00,29778.0,29808.0,29188.0,29318.0,12650,4,0
2021-04-20 00:00:00,29363.0,29405.0,28512.0,28573.0,22841,4,0
2021-04-21 00:00:00,28640.0,28906.0,28403.0,28840.0,16929,4,0
2021-04-22 00:00:00,28840.0,29205.0,28786.0,28910.0,14841,4,0
2021-04-23 00:00:00,28950.0,29304.0,28756.0,29156.0,10322,4,0
2021-04-26 00:00:00,29154.0,29271.0,28884.0,29190.0,10365,4,0
2021-04-27 00:00:00,29199.0,29268.0,28825.0,28975.0,10541,4,0
2021-04-28 00:00:00,29026.0,29130.0,28862.0,28938.0,10158,4,0
2021-04-29 00:00:00,28938.0,29184.0,28847.0,29003.0,6708,4,0
2021-04-30 00:00:00,29013.0,29045.0,28755.0,28830.0,12376,4,0
2021-05-03 00:00:00,28910.0,29123.0,28880.0,29066.0,5539,4,0
2021-05-04 00:00:00,29062.0,29138.0,28575.0,28693.0,9701,4,0
2021-05-05 00:00:00,28697.0,29168.0,28665.0,29013.0,6742,4,0
2021-05-06 00:00:00,29017.0,29432.0,28958.0,29328.0,14850,4,0
2021-05-07 00:00:00,29362.0,29448.0,29228.0,29390.0,11183,4,0
2021-05-10 00:00:00,29383.0,29684.0,29223.0,29231.0,11296,4,0
2021-05-11 00:00:00,29237.0,29298.0,28248.0,28531.0,27110,4,0
2021-05-12 00:00:00,28537.0,28828.0,27648.0,27698.0,35113,4,0
2021-05-13 00:00:00,27672.0,27803.0,27123.0,27683.0,30337,4,0
2021-05-14 00:00:00,27683.0,28316.0,27683.0,28257.0,17962,4,0
2021-05-17 00:00:00,28299.0,28339.0,27615.0,27754.0,21210,4,0
2021-05-18 00:00:00,27758.0,28483.0,27754.0,28024.0,17332,4,0
2021-05-19 00:00:00,28023.0,28211.0,27591.0,27929.0,29457,4,0
2021-05-20 00:00:00,27939.0,28314.0,27781.0,28174.0,17475,4,0
2021-05-21 00:00:00,28208.0,28469.0,28179.0,28387.0,14889,4,0
2021-05-24 00:00:00,28314.0,28584.0,28198.0,28494.0,11138,4,0
2021-05-25 00:00:00,28518.0,28618.0,28349.0,28434.0,10750,4,0
2021-05-26 00:00:00,28419.0,28709.0,28379.0,28601.0,8902,5,0
2021-05-27 00:00:00,28603.0,28899.0,28349.0,28894.0,11732,4,0
2021-05-28 00:00:00,28888.0,29189.0,28879.0,29004.0,10772,4,0
2021-05-31 00:00:00,29059.0,29149.0,28788.0,28909.0,8663,4,0
2021-06-01 00:00:00,28903.0,29083.0,28594.0,28724.0,14029,4,0
2021-06-02 00:00:00,28768.0,29011.0,28554.0,28834.0,12038,5,0
2021-06-03 00:00:00,28858.0,29150.0,28830.0,28964.0,13819,4,0
2021-06-04 00:00:00,28948.0,29174.0,28755.0,29174.0,10144,4,0
2021-06-07 00:00:00,29214.0,29267.0,28938.0,29134.0,10182,4,0
2021-06-08 00:00:00,29133.0,29199.0,28944.0,28969.0,10824,4,0
2021-06-09 00:00:00,28974.0,29004.0,28757.0,28829.0,7979,4,0
2021-06-10 00:00:00,28844.0,29139.0,28784.0,28959.0,10986,4,0
2021-06-11 00:00:00,28963.0,29079.0,28824.0,29019.0,6977,4,0
2021-06-14 00:00:00,29114.0,29301.0,29014.0,29259.0,6223,4,0
2021-06-15 00:00:00,29268.0,29479.0,29239.0,29324.0,7683,4,0
2021-06-16 00:00:00,29343.0,29429.0,29154.0,29249.0,8826,4,0
2021-06-17 00:00:00,29258.0,29284.0,28859.0,29154.0,10716,5,0
2021-06-18 00:00:00,29154.0,29254.0,28449.0,28454.0,14132,4,0
2021-06-21 00:00:00,28578.0,28748.0,27753.0,28728.0,18464,4,0
2021-06-22 00:00:00,28717.0,28898.0,28528.0,28843.0,11440,4,0
2021-06-23 00:00:00,28858.0,28998.0,28698.0,28783.0,9292,5,0
2021-06-24 00:00:00,28777.0,29088.0,28747.0,29072.0,7423,5,0
2021-06-25 00:00:00,29032.0,29153.0,28982.0,29018.0,6951,5,0
2021-06-28 00:00:00,29083.0,29113.0,28899.0,28929.0,7739,4,0
2021-06-29 00:00:00,28900.0,28932.0,28707.0,28841.0,8946,4,0
2021-06-30 00:00:00,28845.0,29007.0,28534.0,28769.0,12246,4,0
2021-07-01 00:00:00,28794.0,28867.0,28568.0,28740.0,12565,4,0
2021-07-02 00:00:00,28750.0,28838.0,28677.0,28730.0,9332,4,0
2021-07-05 00:00:00,28742.0,28767.0,28498.0,28627.0,7114,4,0
2021-07-06 00:00:00,28654.0,28743.0,28256.0,28354.0,13566,4,0
2021-07-07 00:00:00,28334.0,28482.0,28121.0,28336.0,15587,4,0
2021-07-08 00:00:00,28329.0,28367.0,27499.0,27726.0,25272,4,0
2021-07-09 00:00:00,27724.0,28563.0,27397.0,28481.0,18853,4,0
2021-07-12 00:00:00,28500.0,28696.0,28390.0,28666.0,11299,4,0
2021-07-13 00:00:00,28649.0,28851.0,28486.0,28516.0,11262,4,0
2021-07-14 00:00:00,28525.0,28684.0,28455.0,28536.0,10953,4,0
2021-07-15 00:00:00,28514.0,28561.0,27996.0,28031.0,15371,4,0
2021-07-16 00:00:00,27999.0,28196.0,27706.0,27744.0,16441,4,0
2021-07-19 00:00:00,27691.0,27781.0,27061.0,27271.0,29423,4,0
2021-07-20 00:00:00,27264.0,27802.0,27264.0,27696.0,18863,4,0
2021-07-21 00:00:00,27699.0,27981.0,27420.0,27906.0,13787,4,0
2021-07-22 00:00:00,27890.0,28060.0,27867.0,28026.0,6315,4,0
2021-07-23 00:00:00,28020.0,28241.0,28000.0,28216.0,5018,4,0
2021-07-26 00:00:00,28230.0,28240.0,27650.0,27917.0,13838,4,0
2021-07-27 00:00:00,27920.0,28030.0,27366.0,27531.0,19213,4,0
2021-07-28 00:00:00,27529.0,27891.0,27448.0,27781.0,17511,4,0
2021-07-29 00:00:00,27797.0,27934.0,27634.0,27744.0,12099,4,0
2021-07-30 00:00:00,27737.0,27748.0,27258.0,27484.0,16688,4,0
2021-08-02 00:00:00,27563.0,27825.0,27433.0,27564.0,15233,4,0
2021-08-03 00:00:00,27547.0,27713.0,27414.0,27597.0,14920,4,0
2021-08-04 00:00:00,27617.0,27634.0,27443.0,27512.0,11761,4,0
2021-08-05 00:00:00,27523.0,27850.0,27484.0,27835.0,8854,4,0
2021-08-06 00:00:00,27822.0,27959.0,27699.0,27887.0,9167,4,0
2021-08-09 00:00:00,27839.0,27925.0,27684.0,27902.0,5617,4,0
2021-08-10 00:00:00,27927.0,28124.0,27794.0,27987.0,9807,4,0
2021-08-11 00:00:00,27957.0,28244.0,27953.0,28224.0,9218,4,0
2021-08-12 00:00:00,28213.0,28269.0,27919.0,28077.0,8421,4,0
2021-08-13 00:00:00,28088.0,28118.0,27834.0,27845.0,7726,4,0
2021-08-16 00:00:00,27863.0,27868.0,27388.0,27652.0,11893,4,0
2021-08-17 00:00:00,27657.0,27743.0,27233.0,27417.0,15057,4,0
2021-08-18 00:00:00,27422.0,27673.0,27337.0,27382.0,13042,4,0
2021-08-19 00:00:00,27372.0,27498.0,26960.0,27257.0,23687,4,0
2021-08-20 00:00:00,27262.0,27305.0,26853.0,27245.0,18172,4,0
2021-08-23 00:00:00,27267.0,27638.0,27194.0,27596.0,10992,4,0
2021-08-24 00:00:00,27622.0,27845.0,27622.0,27776.0,8777,4,0
2021-08-25 00:00:00,27792.0,27886.0,27650.0,27773.0,9025,4,0
2021-08-26 00:00:00,27791.0,27820.0,27603.0,27663.0,11732,4,0
2021-08-27 00:00:00,27667.0,27873.0,27470.0,27851.0,9296,4,0
2021-08-30 00:00:00,27870.0,27914.0,27642.0,27693.0,7194,4,0
2021-08-31 00:00:00,27698.0,28195.0,27590.0,28091.0,12082,4,0
2021-09-01 00:00:00,28103.0,28650.0,28065.0,28545.0,12047,4,0
2021-09-02 00:00:00,28533.0,28725.0,28409.0,28638.0,10013,4,0
2021-09-03 00:00:00,28633.0,29630.0,28585.0,29604.0,17710,4,0
2021-09-06 00:00:00,29563.0,30193.0,29464.0,30083.0,11439,4,0
2021-09-07 00:00:00,30063.0,30094.0,29611.0,29920.0,14212,4,0
2021-09-08 00:00:00,29947.0,30253.0,29808.0,29960.0,16138,4,0
2021-09-09 00:00:00,29946.0,30272.0,29857.0,30105.0,17207,4,0
2021-09-10 00:00:00,30084.0,30534.0,30028.0,30139.0,16761,4,0
2021-09-13 00:00:00,30206.0,30751.0,30181.0,30620.0,18004,4,0
2021-09-14 00:00:00,30575.0,30801.0,30282.0,30340.0,16309,4,0
2021-09-15 00:00:00,30336.0,30627.0,30326.0,30625.0,13532,4,0
2021-09-16 00:00:00,30606.0,30646.0,30202.0,30467.0,14906,4,0
2021-09-17 00:00:00,30465.0,30596.0,30247.0,30270.0,15047,4,0
2021-09-20 00:00:00,30281.0,30380.0,29437.0,29676.0,20800,4,0
2021-09-21 00:00:00,29690.0,30201.0,29661.0,29900.0,20512,4,0
2021-09-22 00:00:00,29885.0,30077.0,29578.0,29960.0,17940,4,0
2021-09-23 00:00:00,29945.0,30315.0,29945.0,30291.0,10397,4,0
2021-09-24 00:00:00,30295.0,30351.0,30061.0,30221.0,13142,4,0
2021-09-27 00:00:00,30266.0,30413.0,30146.0,30231.0,12317,4,0
2021-09-28 00:00:00,30220.0,30251.0,29641.0,29712.0,20109,4,0
2021-09-29 00:00:00,29536.0,29849.0,29330.0,29745.0,23988,4,0
2021-09-30 00:00:00,29735.0,29793.0,29262.0,29306.0,25725,4,0
2021-10-01 00:00:00,29312.0,29404.0,28676.0,29052.0,47678,4,0
2021-10-04 00:00:00,29165.0,29200.0,27649.0,27871.0,39835,4,0
2021-10-05 00:00:00,27871.0,28288.0,27452.0,28178.0,27710,4,0
2021-10-06 00:00:00,28202.0,28240.0,26983.0,27682.0,41659,4,0
2021-10-07 00:00:00,27681.0,28158.0,27567.0,28062.0,21716,4,0
2021-10-08 00:00:00,28066.0,28326.0,27992.0,28047.0,18235,4,0
2021-10-11 00:00:00,28118.0,28783.0,27894.0,28473.0,20303,4,0
2021-10-12 00:00:00,28426.0,28502.0,27962.0,28118.0,21655,4,0
2021-10-13 00:00:00,28111.0,28378.0,27989.0,28202.0,17990,4,0
2021-10-14 00:00:00,28192.0,28816.0,28192.0,28812.0,13169,4,0
2021-10-15 00:00:00,28796.0,29258.0,28733.0,29196.0,14030,4,0
2021-10-18 00:00:00,29192.0,29212.0,28856.0,29068.0,13472,4,0
2021-10-19 00:00:00,29066.0,29408.0,29008.0,29348.0,11754,4,0
2021-10-20 00:00:00,29336.0,29492.0,29205.0,29262.0,10886,4,0
2021-10-21 00:00:00,29280.0,29286.0,28425.0,28540.0,21488,4,0
2021-10-22 00:00:00,28544.0,28993.0,28420.0,28693.0,20121,4,0
2021-10-25 00:00:00,28629.0,28882.0,28369.0,28805.0,13120,4,0
2021-10-26 00:00:00,28813.0,29246.0,28780.0,28958.0,12542,4,0
2021-10-27 00:00:00,28944.0,29135.0,28630.0,28693.0,15237,4,0
2021-10-28 00:00:00,28688.0,28925.0,28660.0,28888.0,13413,4,0
2021-10-29 00:00:00,28863.0,29060.0,28465.0,29059.0,16421,4,0
2021-11-01 00:00:00,29444.0,29660.0,29355.0,29548.0,13155,4,0
2021-11-02 00:00:00,29524.0,29595.0,29410.0,29517.0,9594,4,0
2021-11-03 00:00:00,29533.0,29774.0,29409.0,29773.0,6479,4,0
2021-11-04 00:00:00,29743.0,29950.0,29590.0,29720.0,10003,4,0
2021-11-05 00:00:00,29709.0,29825.0,29495.0,29668.0,11621,4,0
2021-11-08 00:00:00,29648.0,29828.0,29438.0,29680.0,10827,4,0
2021-11-09 00:00:00,29668.0,29803.0,29180.0,29285.0,13289,4,0
2021-11-10 00:00:00,29263.0,29380.0,29000.0,29075.0,14017,4,0
2021-11-11 00:00:00,29039.0,29470.0,28969.0,29415.0,13079,4,0
2021-11-12 00:00:00,29424.0,29720.0,29369.0,29705.0,10260,4,0
2021-11-15 00:00:00,29748.0,29844.0,29640.0,29720.0,10518,4,0
2021-11-16 00:00:00,29723.0,29961.0,29679.0,29825.0,9768,4,0
2021-11-17 00:00:00,29819.0,29919.0,29480.0,29555.0,10984,4,0
2021-11-18 00:00:00,29548.0,29715.0,29379.0,29600.0,13086,4,0
2021-11-19 00:00:00,29599.0,29779.0,29474.0,29615.0,16011,4,0
2021-11-22 00:00:00,29634.0,29912.0,29533.0,29675.0,12988,4,0
2021-11-23 00:00:00,29689.0,29785.0,29506.0,29735.0,15589,4,0
2021-11-24 00:00:00,29704.0,29746.0,29204.0,29456.0,19689,4,0
2021-11-25 00:00:00,29450.0,29576.0,29425.0,29495.0,5975,4,0
2021-11-26 00:00:00,29485.0,29485.0,28014.0,28024.0,39147,4,0
2021-11-29 00:00:00,28113.0,28780.0,28113.0,28330.0,31641,4,0
2021-11-30 00:00:00,28439.0,28714.0,27374.0,27650.0,43156,4,0
2021-12-01 00:00:00,27743.0,28229.0,27406.0,27415.0,40750,4,0
2021-12-02 00:00:00,27518.0,27960.0,27470.0,27906.0,43046,4,0
2021-12-03 00:00:00,27999.0,28169.0,27565.0,27783.0,42302,4,0
2021-12-06 00:00:00,27809.0,28150.0,27671.0,28096.0,29626,4,0
2021-12-07 00:00:00,28085.0,28823.0,27950.0,28818.0,20524,4,0
2021-12-08 00:00:00,28851.0,28922.0,28606.0,28875.0,18623,4,0
2021-12-09 00:00:00,28905.0,28933.0,28576.0,28618.0,12745,4,0
2021-12-10 00:00:00,28608.0,28689.0,28379.0,28615.0,12929,4,0
2021-12-13 00:00:00,28623.0,28786.0,28435.0,28470.0,11113,4,0
2021-12-14 00:00:00,28513.0,28665.0,28170.0,28332.0,16861,4,0
2021-12-15 00:00:00,28311.0,28932.0,28257.0,28920.0,15090,4,0
2021-12-16 00:00:00,28938.0,29202.0,28730.0,28790.0,15288,4,0
2021-12-17 00:00:00,28803.0,28898.0,28390.0,28470.0,20422,4,0
2021-12-20 00:00:00,28442.0,28467.0,27790.0,28255.0,27099,4,0
2021-12-21 00:00:00,28247.0,28710.0,28214.0,28684.0,14998,4,0
2021-12-22 00:00:00,28682.0,28734.0,28443.0,28714.0,11186,4,0
2021-12-23 00:00:00,28709.0,28929.0,28624.0,28869.0,6957,4,0
2021-12-27 00:00:00,28862.0,29048.0,28644.0,29024.0,7740,4,0
2021-12-28 00:00:00,29007.0,29121.0,28864.0,29014.0,9393,4,0
2021-12-29 00:00:00,28964.0,29093.0,28708.0,28824.0,10702,4,0
2021-12-30 00:00:00,28829.0,28956.0,28561.0,28851.0,9692,4,0
2021-12-31 00:00:00,28834.0,28996.0,28715.0,28821.0,7073,4,0
2022-01-03 00:00:00,28959.0,29155.0,28821.0,28945.0,10526,4,0
2022-01-04 00:00:00,28954.0,29369.0,28945.0,29280.0,13290,4,0
2022-01-05 00:00:00,29290.0,29382.0,28992.0,29016.0,15564,4,0
2022-01-06 00:00:00,29018.0,29111.0,28474.0,28711.0,21492,4,0
2022-01-07 00:00:00,28720.0,28802.0,28192.0,28426.0,15963,4,0
2022-01-10 00:00:00,28451.0,28461.0,28296.0,28389.0,287,7,0
2022-01-11 00:00:00,28375.0,28485.0,28085.0,28475.0,14695,4,0
2022-01-12 00:00:00,28458.0,28815.0,28430.0,28680.0,15056,4,0
2022-01-13 00:00:00,28653.0,28690.0,28260.0,28300.0,14206,4,0
2022-01-14 00:00:00,28303.0,28340.0,27881.0,28316.0,25193,4,0
2022-01-17 00:00:00,28348.0,28456.0,28277.0,28406.0,9222,4,0
2022-01-18 00:00:00,28413.0,28741.0,27956.0,28023.0,22613,4,0
2022-01-19 00:00:00,28036.0,28045.0,27307.0,27596.0,24399,4,0
2022-01-20 00:00:00,27575.0,27961.0,27209.0,27511.0,22070,4,0
2022-01-21 00:00:00,27399.0,27700.0,27127.0,27240.0,35205,4,0
2022-01-24 00:00:00,27234.0,27625.0,26706.0,27296.0,42221,4,0
2022-01-25 00:00:00,27339.0,27471.0,26854.0,27154.0,36601,4,0
2022-01-26 00:00:00,26984.0,27409.0,26791.0,26920.0,25877,4,0
2022-01-27 00:00:00,26956.0,27192.0,26037.0,26559.0,39092,4,0
2022-01-28 00:00:00,26662.0,26780.0,26230.0,26681.0,33213,4,0
2022-01-31 00:00:00,26764.0,27336.0,26520.0,27316.0,22263,4,0
2022-02-01 00:00:00,27309.0,27399.0,26976.0,27171.0,19131,4,0
2022-02-02 00:00:00,27207.0,27570.0,27180.0,27465.0,14790,4,0
2022-02-03 00:00:00,27369.0,27394.0,26946.0,26960.0,19744,4,0
2022-02-04 00:00:00,27139.0,27446.0,27061.0,27301.0,23216,4,0
2022-02-07 00:00:00,27299.0,27356.0,27073.0,27208.0,19566,4,0
2022-02-08 00:00:00,27229.0,27454.0,27198.0,27401.0,15465,4,0
2022-02-09 00:00:00,27384.0,27841.0,27382.0,27836.0,10995,4,0
2022-02-10 00:00:00,27849.0,27889.0,27349.0,27391.0,20613,4,0
2022-02-11 00:00:00,27374.0,27389.0,27166.0,27279.0,4339,4,0
2022-02-14 00:00:00,27018.0,27174.0,26839.0,27065.0,29481,4,0
2022-02-15 00:00:00,27045.0,27458.0,26704.0,27445.0,20542,4,0
2022-02-16 00:00:00,27389.0,27552.0,27260.0,27465.0,16966,4,0
2022-02-17 00:00:00,27464.0,27519.0,26874.0,26885.0,20543,4,0
2022-02-18 00:00:00,26885.0,27215.0,26780.0,26864.0,23114,4,0
2022-02-21 00:00:00,26803.0,27024.0,26541.0,26604.0,17560,4,0
2022-02-22 00:00:00,26468.0,26920.0,26234.0,26660.0,31309,4,0
2022-02-23 00:00:00,26679.0,26757.0,26668.0,26757.0,338,5,0
2022-02-24 00:00:00,26245.0,26344.0,25547.0,26280.0,47305,4,0
2022-02-25 00:00:00,26180.0,26982.0,26095.0,26977.0,30841,4,0
2022-02-28 00:00:00,26425.0,26907.0,26247.0,26630.0,34862,4,0
2022-03-01 00:00:00,26695.0,27010.0,26320.0,26410.0,29200,4,0
2022-03-02 00:00:00,26395.0,26697.0,26185.0,26662.0,28925,4,0
2022-03-03 00:00:00,26603.0,26722.0,26281.0,26365.0,22660,4,0
2022-03-04 00:00:00,26395.0,26431.0,25712.0,25867.0,35230,4,0
2022-03-07 00:00:00,25745.0,25745.0,24944.0,25007.0,37751,4,0
2022-03-08 00:00:00,24865.0,25279.0,24477.0,24778.0,44644,4,0
2022-03-09 00:00:00,24704.0,25445.0,24658.0,25394.0,31244,4,0
2022-03-10 00:00:00,25361.0,25758.0,25193.0,25297.0,26071,4,0
2022-03-11 00:00:00,25331.0,25748.0,24956.0,25138.0,25625,4,0
2022-03-14 00:00:00,25233.0,25633.0,25191.0,25291.0,21564,4,0
2022-03-15 00:00:00,25288.0,25713.0,25078.0,25676.0,22581,4,0
2022-03-16 00:00:00,25681.0,26383.0,25453.0,26348.0,23495,4,0
2022-03-17 00:00:00,26346.0,26773.0,26272.0,26676.0,20464,4,0
2022-03-18 00:00:00,26686.0,27351.0,26575.0,27336.0,17419,4,0
2022-03-21 00:00:00,27271.0,27324.0,27231.0,27283.0,204,7,0
2022-03-22 00:00:00,27148.0,27728.0,27118.0,27671.0,14520,4,0
2022-03-23 00:00:00,27661.0,28098.0,27591.0,27636.0,16333,4,0
2022-03-24 00:00:00,27621.0,28369.0,27594.0,28330.0,16272,4,0
2022-03-25 00:00:00,28335.0,28344.0,27944.0,28232.0,17338,4,0
2022-03-28 00:00:00,28212.0,28270.0,27811.0,28196.0,18591,4,0
2022-03-29 00:00:00,28204.0,28644.0,28035.0,28507.0,17272,4,0
2022-03-30 00:00:00,28250.0,28308.0,27668.0,27780.0,15811,4,0
2022-03-31 00:00:00,27795.0,28098.0,27523.0,27560.0,15083,4,0
2022-04-01 00:00:00,27560.0,27868.0,27396.0,27682.0,13184,4,0
2022-04-04 00:00:00,27697.0,28027.0,27573.0,27940.0,9812,4,0
2022-04-05 00:00:00,27960.0,27975.0,27441.0,27541.0,10323,4,0
2022-04-06 00:00:00,27535.0,27561.0,27002.0,27065.0,13565,4,0
2022-04-07 00:00:00,27070.0,27215.0,26788.0,27030.0,13662,4,0
2022-04-08 00:00:00,27030.0,27192.0,26762.0,27042.0,10401,4,0
2022-04-11 00:00:00,26998.0,27007.0,26710.0,26710.0,12875,4,0
2022-04-12 00:00:00,26727.0,26732.0,26239.0,26311.0,15528,4,0
2022-04-13 00:00:00,26330.0,26987.0,26303.0,26920.0,12839,4,0
2022-04-14 00:00:00,26920.0,27312.0,26857.0,26915.0,12173,4,0
2022-04-18 00:00:00,26923.0,27010.0,26562.0,26910.0,10996,4,0
2022-04-19 00:00:00,26945.0,27271.0,26766.0,27209.0,14672,4,0
2022-04-20 00:00:00,27200.0,27387.0,27059.0,27217.0,15602,4,0
2022-04-21 00:00:00,27245.0,27757.0,27132.0,27135.0,14751,4,0
2022-04-22 00:00:00,27117.0,27232.0,26827.0,26827.0,16390,4,0
2022-04-25 00:00:00,26742.0,26847.0,26402.0,26810.0,26406,4,0
2022-04-26 00:00:00,26797.0,26882.0,25971.0,25995.0,20523,4,0
2022-04-27 00:00:00,26016.0,26582.0,26016.0,26463.0,26613,4,0
2022-04-28 00:00:00,26447.0,27376.0,26327.0,27196.0,23210,4,0
2022-04-29 00:00:00,27134.0,27186.0,27101.0,27164.0,358,5,0
2022-05-02 00:00:00,26710.0,26945.0,26545.0,26888.0,27943,4,0
2022-05-03 00:00:00,26858.0,26869.0,26754.0,26816.0,365,4,0
2022-05-06 00:00:00,26729.0,27119.0,26534.0,26849.0,27514,4,0
2022-05-09 00:00:00,26735.0,26749.0,25930.0,26013.0,9799,4,0
2022-05-10 00:00:00,26019.0,26328.0,25764.0,26058.0,14956,4,0
2022-05-11 00:00:00,26060.0,26370.0,25815.0,25901.0,11884,4,0
2022-05-12 00:00:00,25883.0,26020.0,25530.0,25695.0,27007,4,0
2022-05-13 00:00:00,25730.0,26680.0,25721.0,26625.0,20599,4,0
2022-05-16 00:00:00,26770.0,26870.0,26422.0,26463.0,19299,4,0
2022-05-17 00:00:00,26475.0,26867.0,26435.0,26828.0,18901,4,0
2022-05-18 00:00:00,26824.0,27054.0,26230.0,26268.0,21255,4,0
2022-05-19 00:00:00,26254.0,26550.0,26075.0,26379.0,32139,4,0
2022-05-20 00:00:00,26378.0,26934.0,26355.0,26735.0,24744,4,0
2022-05-23 00:00:00,26869.0,27142.0,26824.0,27114.0,25018,4,0
2022-05-24 00:00:00,26984.0,27054.0,26510.0,26678.0,23978,4,0
2022-05-25 00:00:00,26688.0,26875.0,26489.0,26743.0,23047,4,0
2022-05-26 00:00:00,26765.0,27025.0,26589.0,26918.0,16574,4,0
2022-05-27 00:00:00,26918.0,27165.0,26725.0,27153.0,14004,4,0
2022-05-30 00:00:00,27112.0,27413.0,27053.0,27336.0,8288,4,0
2022-05-31 00:00:00,27323.0,27468.0,27132.0,27213.0,21467,4,0
2022-06-01 00:00:00,27198.0,27612.0,27198.0,27448.0,20043,4,0
2022-06-02 00:00:00,27460.0,27780.0,27253.0,27738.0,16337,4,0
2022-06-03 00:00:00,27745.0,27805.0,27524.0,27563.0,19691,4,0
2022-06-06 00:00:00,27570.0,28116.0,27515.0,28038.0,19175,4,0
2022-06-07 00:00:00,28018.0,28215.0,27860.0,28148.0,20539,4,0
2022-06-08 00:00:00,28133.0,28282.0,28081.0,28138.0,20432,4,0
2022-06-09 00:00:00,28118.0,28399.0,27955.0,28033.0,15753,4,0
2022-06-10 00:00:00,28035.0,28100.0,27305.0,27398.0,22027,4,0
2022-06-13 00:00:00,27236.0,27280.0,26360.0,26453.0,23142,4,0
2022-06-14 00:00:00,26453.0,26725.0,26300.0,26468.0,23910,4,0
2022-06-15 00:00:00,26463.0,26685.0,26188.0,26571.0,28289,4,0
2022-06-16 00:00:00,26588.0,26945.0,25600.0,25721.0,33882,4,0
2022-06-17 00:00:00,25726.0,26130.0,25660.0,26003.0,28246,4,0
2022-06-20 00:00:00,26105.0,26210.0,25500.0,26039.0,15720,4,0
2022-06-21 00:00:00,26025.0,26530.0,25980.0,26523.0,17356,4,0
2022-06-22 00:00:00,26510.0,26530.0,25985.0,26218.0,22168,4,0
2022-06-23 00:00:00,26220.0,26400.0,26020.0,26180.0,24707,4,0
2022-06-24 00:00:00,26178.0,26920.0,26125.0,26875.0,16174,4,0
2022-06-27 00:00:00,26860.0,26995.0,26660.0,26733.0,18568,4,0
2022-06-28 00:00:00,26755.0,27275.0,26710.0,26798.0,18867,4,0
2022-06-29 00:00:00,26757.0,26863.0,26616.0,26720.0,18643,0,0
2022-06-30 00:00:00,26707.0,26742.0,26137.0,26373.0,23114,4,0
2022-07-01 00:00:00,26372.0,26517.0,25777.0,26320.0,43709,4,0
2022-07-04 00:00:00,26313.0,26338.0,25934.0,26267.0,17567,5,0
2022-07-05 00:00:00,26245.0,26533.0,25914.0,26220.0,47447,4,0
2022-07-06 00:00:00,26242.0,26349.0,25994.0,26270.0,46850,4,0
2022-07-07 00:00:00,26267.0,26699.0,26119.0,26635.0,27507,4,0
2022-07-08 00:00:00,26636.0,26879.0,26414.0,26809.0,42720,5,0
2022-07-11 00:00:00,26767.0,27057.0,26591.0,26604.0,32506,4,0
2022-07-12 00:00:00,26596.0,26702.0,26253.0,26429.0,34315,5,0
2022-07-13 00:00:00,26426.0,26568.0,26231.0,26474.0,43054,4,0
2022-07-14 00:00:00,26479.0,26778.0,26307.0,26706.0,43178,4,0
2022-07-15 00:00:00,26704.0,27003.0,26565.0,26981.0,31218,4,0
2022-07-18 00:00:00,27024.0,27240.0,26900.0,26940.0,12833,7,0
2022-07-19 00:00:00,26915.0,27408.0,26774.0,27386.0,26143,4,0
2022-07-20 00:00:00,27381.0,27755.0,27359.0,27556.0,32762,4,0
2022-07-21 00:00:00,27573.0,27898.0,27523.0,27851.0,33391,4,0
2022-07-22 00:00:00,27856.0,27975.0,27585.0,27706.0,31479,4,0
2022-07-25 00:00:00,27704.0,27849.0,27644.0,27728.0,28208,5,0
2022-07-26 00:00:00,27711.0,27729.0,27420.0,27471.0,23461,4,0
2022-07-27 00:00:00,27471.0,28080.0,27471.0,28001.0,27026,4,0
2022-07-28 00:00:00,27992.0,28028.0,27609.0,27954.0,27981,5,0
2022-07-29 00:00:00,27931.0,28013.0,27724.0,27951.0,25970,4,0
2022-08-01 00:00:00,27863.0,28079.0,27743.0,27904.0,26501,4,0
2022-08-02 00:00:00,27888.0,27928.0,27528.0,27734.0,33089,5,0
2022-08-03 00:00:00,27758.0,28033.0,27627.0,28013.0,22434,4,0
2022-08-04 00:00:00,27992.0,28083.0,27828.0,27875.0,23038,4,0
2022-08-05 00:00:00,27873.0,28233.0,27827.0,28123.0,24989,4,0
2022-08-08 00:00:00,28107.0,28333.0,28027.0,28170.0,23960,4,0
2022-08-09 00:00:00,28168.0,28202.0,27793.0,27863.0,23547,4,0
2022-08-10 00:00:00,27853.0,28143.0,27722.0,28115.0,20700,5,0
2022-08-11 00:00:00,28105.0,28248.0,28046.0,28143.0,12951,4,0
2022-08-12 00:00:00,28127.0,28780.0,28117.0,28763.0,17807,4,0
2022-08-15 00:00:00,28737.0,28918.0,28643.0,28878.0,15385,4,0
2022-08-16 00:00:00,28873.0,29023.0,28757.0,28968.0,14358,4,0
2022-08-17 00:00:00,28945.0,29243.0,28913.0,29013.0,18249,4,0
2022-08-18 00:00:00,28998.0,29153.0,28852.0,29093.0,14894,4,0
2022-08-19 00:00:00,29093.0,29152.0,28688.0,28748.0,13980,4,0
2022-08-22 00:00:00,28697.0,28848.0,28446.0,28488.0,15838,4,0
2022-08-23 00:00:00,28471.0,28596.0,28360.0,28453.0,17298,4,0
2022-08-24 00:00:00,28453.0,28543.0,28268.0,28458.0,16194,4,0
2022-08-25 00:00:00,28458.0,28703.0,28362.0,28668.0,14453,4,0
2022-08-26 00:00:00,28673.0,28808.0,28123.0,28123.0,16804,4,0
2022-08-29 00:00:00,28022.0,28172.0,27783.0,28037.0,24941,4,0
2022-08-30 00:00:00,28014.0,28341.0,27856.0,27911.0,19025,4,0
2022-08-31 00:00:00,27918.0,28126.0,27816.0,27836.0,20102,4,0
2022-09-01 00:00:00,27855.0,27875.0,27550.0,27776.0,12453,4,0
2022-09-02 00:00:00,27775.0,27904.0,27464.0,27526.0,10415,0,0
2022-09-05 00:00:00,27440.0,27719.0,27430.0,27694.0,11069,4,0
2022-09-06 00:00:00,27653.0,27819.0,27519.0,27551.0,12839,4,0
2022-09-07 00:00:00,27561.0,27746.0,27261.0,27714.0,13289,4,0
2022-09-08 00:00:00,27713.0,28131.0,27700.0,28096.0,11427,5,0
2022-09-09 00:00:00,28087.0,28436.0,28087.0,28426.0,9809,7,0
2022-09-12 00:00:00,28472.0,28666.0,28448.0,28575.0,9732,5,0
2022-09-13 00:00:00,28583.0,28691.0,27845.0,27865.0,11827,6,0
2022-09-14 00:00:00,27863.0,28051.0,27761.0,27983.0,16166,5,0
2022-09-15 00:00:00,27959.0,28015.0,27658.0,27658.0,12078,5,0
2022-09-16 00:00:00,27658.0,27658.0,27431.0,27578.0,13081,4,0
2022-09-19 00:00:00,27538.0,27755.0,27358.0,27733.0,8139,4,0
2022-09-20 00:00:00,27730.0,27921.0,27331.0,27453.0,11938,4,0
2022-09-21 00:00:00,27453.0,27676.0,27074.0,27077.0,19593,4,0
2022-09-22 00:00:00,27098.0,27401.0,26916.0,27032.0,20860,4,0
2022-09-23 00:00:00,27028.0,27077.0,26481.0,26628.0,14909,5,0
2022-09-26 00:00:00,26647.0,26742.0,26418.0,26543.0,24986,1,0
2022-09-27 00:00:00,26543.0,26681.0,26271.0,26424.0,21124,5,0
2022-09-28 00:00:00,26419.0,26771.0,25913.0,26683.0,32319,5,0
2022-09-29 00:00:00,26465.0,26492.0,26031.0,26158.0,26377,1,0
2022-09-30 00:00:00,26145.0,26267.0,25796.0,25863.0,29225,4,0
2022-10-03 00:00:00,25872.0,26701.0,25602.0,26593.0,25321,4,0
2022-10-04 00:00:00,26603.0,27185.0,26514.0,27173.0,20131,4,0
2022-10-05 00:00:00,27158.0,27189.0,26833.0,27058.0,20310,4,0
2022-10-06 00:00:00,27040.0,27398.0,26988.0,26993.0,21863,4,0
2022-10-07 00:00:00,26983.0,27193.0,26653.0,26698.0,19049,4,0
2022-10-10 00:00:00,26589.0,26758.0,26490.0,26673.0,17077,7,0
2022-10-11 00:00:00,26689.0,26734.0,26288.0,26373.0,27820,6,0
2022-10-12 00:00:00,26358.0,26498.0,26303.0,26358.0,26678,6,0
2022-10-13 00:00:00,26375.0,26838.0,25868.0,26803.0,23912,4,0
2022-10-14 00:00:00,26800.0,27188.0,26573.0,26573.0,30323,4,0
2022-10-17 00:00:00,26639.0,27128.0,26584.0,27108.0,20330,4,0
2022-10-18 00:00:00,27133.0,27318.0,26920.0,27168.0,19968,4,0
2022-10-19 00:00:00,27178.0,27373.0,26908.0,27063.0,22430,5,0
2022-10-20 00:00:00,27033.0,27303.0,26870.0,27013.0,27118,4,0
2022-10-21 00:00:00,27008.0,27144.0,26798.0,27139.0,24003,5,0
2022-10-24 00:00:00,27279.0,27384.0,26863.0,27148.0,31149,5,0
2022-10-25 00:00:00,27138.0,27563.0,27084.0,27513.0,21401,4,0
2022-10-26 00:00:00,27433.0,27638.0,27370.0,27433.0,17964,4,0
2022-10-27 00:00:00,27383.0,27484.0,26928.0,27043.0,21756,4,0
2022-10-28 00:00:00,27043.0,27530.0,26974.0,27528.0,19352,5,0
2022-10-31 00:00:00,27480.0,27591.0,27401.0,27567.0,16743,4,0
2022-11-01 00:00:00,27538.0,27781.0,27511.0,27562.0,16301,5,0
2022-11-02 00:00:00,27568.0,27746.0,27291.0,27322.0,18961,4,0
2022-11-03 00:00:00,27293.0,27406.0,27176.0,27292.0,11058,5,0
2022-11-04 00:00:00,27242.0,27526.0,27018.0,27472.0,18092,5,0
2022-11-07 00:00:00,27383.0,27721.0,27356.0,27627.0,13483,5,0
2022-11-08 00:00:00,27628.0,28006.0,27620.0,27886.0,12160,5,0
2022-11-09 00:00:00,27868.0,27952.0,27521.0,27526.0,14923,5,0
2022-11-10 00:00:00,27513.0,27991.0,27363.0,27981.0,13420,5,0
2022-11-11 00:00:00,27978.0,28336.0,27973.0,28131.0,15949,5,0
2022-11-14 00:00:00,28023.0,28226.0,27943.0,27961.0,13227,4,0
2022-11-15 00:00:00,27998.0,28221.0,27892.0,27996.0,14682,4,0
2022-11-16 00:00:00,27958.0,28116.0,27738.0,27926.0,14504,5,0
2022-11-17 00:00:00,27943.0,28036.0,27786.0,27976.0,11101,6,0
2022-11-18 00:00:00,27958.0,28056.0,27860.0,27976.0,11462,4,0
2022-11-21 00:00:00,27985.0,28096.0,27851.0,28061.0,10334,4,0
2022-11-22 00:00:00,28035.0,28361.0,28021.0,28356.0,9872,4,0
2022-11-23 00:00:00,28320.0,28427.0,28297.0,28357.0,6964,4,0
2022-11-24 00:00:00,28338.0,28507.0,28335.0,28382.0,6627,4,0
2022-11-25 00:00:00,28368.0,28413.0,28250.0,28357.0,6413,5,0
2022-11-28 00:00:00,28295.0,28307.0,28040.0,28092.0,9916,5,0
2022-11-29 00:00:00,28103.0,28127.0,27907.0,27992.0,9286,5,0
2022-11-30 00:00:00,27965.0,28397.0,27814.0,28382.0,11852,4,0
2022-12-01 00:00:00,28418.0,28498.0,27947.0,28022.0,13105,5,0
2022-12-02 00:00:00,27993.0,28058.0,27507.0,27722.0,13427,5,0
2022-12-05 00:00:00,27674.0,27887.0,27620.0,27692.0,11485,5,0
2022-12-06 00:00:00,27684.0,27952.0,27562.0,27672.0,11997,5,0
2022-12-07 00:00:00,27665.0,27787.0,27562.0,27587.0,13984,4,0
2022-12-08 00:00:00,27575.0,27772.0,27412.0,27762.0,11288,4,0
2022-12-09 00:00:00,27730.0,27993.0,27658.0,27808.0,10131,5,0
2022-12-12 00:00:00,27774.0,28060.0,27704.0,28060.0,9341,4,0
2022-12-13 00:00:00,28034.0,28310.0,27897.0,28035.0,17512,4,0
2022-12-14 00:00:00,28034.0,28195.0,27875.0,27949.0,15350,4,0
2022-12-15 00:00:00,27988.0,28160.0,27625.0,27670.0,14501,5,0
2022-12-16 00:00:00,27664.0,27694.0,27190.0,27340.0,16650,4,0
2022-12-19 00:00:00,27303.0,27374.0,27132.0,27230.0,14047,4,0
2022-12-20 00:00:00,27213.0,27330.0,26124.0,26384.0,22168,4,0
2022-12-21 00:00:00,26393.0,26605.0,26255.0,26475.0,14772,4,0
2022-12-22 00:00:00,26513.0,26613.0,25964.0,26170.0,15452,4,0
2022-12-23 00:00:00,26148.0,26353.0,26089.0,26275.0,18618,4,0
2022-12-27 00:00:00,26423.0,26619.0,26214.0,26273.0,12272,4,0
2022-12-28 00:00:00,26259.0,26363.0,26094.0,26094.0,14769,4,0
2022-12-29 00:00:00,26070.0,26350.0,25916.0,26291.0,12141,4,0
2022-12-30 00:00:00,26255.0,26290.0,25641.0,25761.0,14237,4,0
2023-01-04 00:00:00,25784.0,25924.0,25611.0,25846.0,18678,4,0
2023-01-05 00:00:00,25834.0,25941.0,25691.0,25696.0,18890,4,0
2023-01-06 00:00:00,25709.0,26209.0,25704.0,26179.0,15587,4,0
2023-01-09 00:00:00,26164.0,26274.0,26164.0,26189.0,241,4,0
2023-01-10 00:00:00,26204.0,26308.0,26083.0,26274.0,16105,4,0
2023-01-11 00:00:00,26263.0,26544.0,26262.0,26544.0,9995,5,0
2023-01-12 00:00:00,26522.0,26539.0,25995.0,26210.0,14573,4,0
2023-01-13 00:00:00,26193.0,26375.0,25690.0,25810.0,14419,4,0
2023-01-16 00:00:00,25804.0,25926.0,25725.0,25814.0,5408,4,0
2023-01-17 00:00:00,26132.0,26395.0,26119.0,26270.0,6672,5,0
2023-01-18 00:00:00,26249.0,26913.0,26200.0,26490.0,14830,4,0
2023-01-19 00:00:00,26473.0,26585.0,26248.0,26335.0,13626,4,0
2023-01-20 00:00:00,26368.0,26934.0,26295.0,26934.0,11529,5,0
2023-01-23 00:00:00,26913.0,27225.0,26780.0,27175.0,10921,4,0
2023-01-24 00:00:00,27163.0,27380.0,27094.0,27205.0,13054,4,0
2023-01-25 00:00:00,27213.0,27470.0,27135.0,27410.0,13360,4,0
2023-01-26 00:00:00,27398.0,27535.0,27275.0,27515.0,13963,4,0
2023-01-27 00:00:00,27463.0,27495.0,27299.0,27435.0,12012,4,0
2023-01-30 00:00:00,27421.0,27588.0,27323.0,27423.0,14332,4,0
2023-01-31 00:00:00,27436.0,27508.0,27202.0,27508.0,12469,4,0
2023-02-01 00:00:00,27476.0,27533.0,27158.0,27448.0,15902,4,0
2023-02-02 00:00:00,27492.0,27588.0,27333.0,27548.0,16031,4,0
2023-02-03 00:00:00,27506.0,27743.0,27421.0,27633.0,16489,4,0
2023-02-06 00:00:00,27606.0,27831.0,27544.0,27700.0,13122,4,0
2023-02-07 00:00:00,27673.0,27806.0,27371.0,27680.0,12830,4,0
2023-02-08 00:00:00,27633.0,27661.0,27379.0,27410.0,10553,4,0
2023-02-09 00:00:00,27415.0,27705.0,27415.0,27555.0,10695,4,0
2023-02-10 00:00:00,27523.0,27805.0,27405.0,27600.0,14830,4,0
2023-02-13 00:00:00,27596.0,27730.0,27255.0,27720.0,9077,4,0
2023-02-14 00:00:00,27718.0,27785.0,27531.0,27760.0,14357,4,0
2023-02-15 00:00:00,27743.0,27760.0,27440.0,27640.0,11753,4,0
2023-02-16 00:00:00,27628.0,27740.0,27500.0,27525.0,12016,4,0
2023-02-17 00:00:00,27503.0,27610.0,27394.0,27522.0,10946,4,0
2023-02-20 00:00:00,27488.0,27540.0,27420.0,27487.0,4286,4,0
2023-02-21 00:00:00,27483.0,27537.0,27270.0,27270.0,10170,4,0
2023-02-22 00:00:00,27298.0,27300.0,26960.0,27050.0,12673,4,0
2023-02-23 00:00:00,27063.0,27135.0,27040.0,27121.0,306,4,0
2023-02-24 00:00:00,27155.0,27469.0,27150.0,27349.0,13025,4,0
2023-02-27 00:00:00,27338.0,27560.0,27299.0,27534.0,10893,4,0
2023-02-28 00:00:00,27517.0,27584.0,27400.0,27424.0,10388,4,0
2023-03-01 00:00:00,27372.0,27559.0,27304.0,27484.0,12194,4,0
2023-03-02 00:00:00,27488.0,27739.0,27400.0,27709.0,12315,4,0
2023-03-03 00:00:00,27712.0,28229.0,27639.0,28204.0,11369,4,0
2023-03-06 00:00:00,28207.0,28319.0,28159.0,28204.0,12308,4,0
2023-03-07 00:00:00,28207.0,28453.0,28169.0,28199.0,14338,4,0
2023-03-08 00:00:00,28179.0,28644.0,28164.0,28629.0,12473,4,0
2023-03-09 00:00:00,28597.0,28734.0,28204.0,28259.0,10580,4,0
2023-03-10 00:00:00,28271.0,28452.0,27764.0,27783.0,26334,4,0
2023-03-13 00:00:00,27808.0,27973.0,27252.0,27476.0,41116,4,0
2023-03-14 00:00:00,27468.0,27538.0,27097.0,27441.0,33324,4,0
2023-03-15 00:00:00,27448.0,27505.0,26457.0,26733.0,45234,4,0
2023-03-16 00:00:00,26723.0,27306.0,26625.0,27283.0,40308,4,0
2023-03-17 00:00:00,27273.0,27409.0,26905.0,26965.0,28150,4,0
2023-03-20 00:00:00,27155.0,27369.0,26645.0,27105.0,41096,5,0
2023-03-22 00:00:00,27371.0,27623.0,27213.0,27256.0,18429,4,0
2023-03-23 00:00:00,27238.0,27622.0,27177.0,27346.0,19550,4,0
2023-03-24 00:00:00,27366.0,27487.0,27102.0,27381.0,23801,5,0
2023-03-27 00:00:00,27453.0,27607.0,27344.0,27591.0,14312,4,0
2023-03-28 00:00:00,27579.0,27622.0,27394.0,27491.0,11648,4,0
2023-03-29 00:00:00,27477.0,28082.0,27477.0,28067.0,8863,4,0
2023-03-30 00:00:00,27803.0,27970.0,27617.0,27932.0,10033,4,0
2023-03-31 00:00:00,27908.0,28230.0,27908.0,28217.0,10845,4,0
2023-04-03 00:00:00,28255.0,28265.0,28030.0,28197.0,10594,4,0
2023-04-04 00:00:00,28182.0,28320.0,28000.0,28089.0,10679,4,0
2023-04-05 00:00:00,28093.0,28138.0,27560.0,27674.0,13714,4,0
2023-04-06 00:00:00,27679.0,27699.0,27421.0,27608.0,13017,5,0
2023-04-07 00:00:00,27603.0,27648.0,27446.0,27642.0,4716,5,0
2023-04-10 00:00:00,27618.0,27868.0,27584.0,27858.0,8743,5,0
2023-04-11 00:00:00,27830.0,28078.0,27830.0,28029.0,11515,6,0
2023-04-12 00:00:00,28015.0,28229.0,27898.0,27898.0,13547,7,0
2023-04-13 00:00:00,27873.0,28429.0,27849.0,28368.0,11119,6,0
2023-04-14 00:00:00,28368.0,28576.0,28314.0,28513.0,14377,5,0
2023-04-17 00:00:00,28523.0,28598.0,28404.0,28578.0,11015,7,0
2023-04-18 00:00:00,28558.0,28749.0,28509.0,28648.0,10698,6,0
2023-04-19 00:00:00,28633.0,28668.0,28394.0,28533.0,9293,5,0
2023-04-20 00:00:00,28533.0,28688.0,28431.0,28593.0,10331,6,0
2023-04-21 00:00:00,28578.0,28769.0,28476.0,28653.0,12453,5,0
2023-04-24 00:00:00,28643.0,28729.0,28545.0,28673.0,8185,7,0
2023-04-25 00:00:00,28658.0,28790.0,28350.0,28423.0,12486,5,0
2023-04-26 00:00:00,28418.0,28541.0,28239.0,28303.0,15445,6,0
2023-04-27 00:00:00,28303.0,28744.0,28234.0,28723.0,10334,5,0
2023-04-28 00:00:00,28698.0,29083.0,28481.0,29058.0,19103,5,0
2023-05-01 00:00:00,29053.0,29349.0,29005.0,29258.0,9421,5,0
2023-05-02 00:00:00,29263.0,29283.0,29250.0,29252.0,339,7,0
2023-05-05 00:00:00,28753.0,29139.0,28685.0,29063.0,8814,6,0
2023-05-08 00:00:00,29058.0,29134.0,28921.0,29028.0,10866,7,0
2023-05-09 00:00:00,29018.0,29262.0,29005.0,29198.0,10049,7,0
2023-05-10 00:00:00,29198.0,29234.0,28888.0,29043.0,14476,5,0
2023-05-11 00:00:00,29038.0,29184.0,28949.0,29112.0,13818,7,0
2023-05-12 00:00:00,29097.0,29573.0,29094.0,29557.0,14871,5,0
2023-05-15 00:00:00,29522.0,29893.0,29463.0,29847.0,11910,6,0
2023-05-16 00:00:00,29839.0,29983.0,29767.0,29867.0,11260,5,0
2023-05-17 00:00:00,29862.0,30532.0,29854.0,30507.0,11705,5,0
2023-05-18 00:00:00,30507.0,30923.0,30369.0,30887.0,18878,5,0
2023-05-19 00:00:00,30872.0,30972.0,30658.0,30812.0,19404,5,0
2023-05-22 00:00:00,30782.0,31287.0,30679.0,31182.0,17591,5,0
2023-05-23 00:00:00,31187.0,31349.0,30538.0,30657.0,23733,4,0
2023-05-24 00:00:00,30664.0,30848.0,30396.0,30582.0,19784,5,0
2023-05-25 00:00:00,30587.0,31097.0,30499.0,31047.0,23003,5,0
2023-05-26 00:00:00,31048.0,31550.0,30873.0,31487.0,18578,5,0
2023-05-29 00:00:00,31586.0,31657.0,31156.0,31288.0,12722,4,0
2023-05-30 00:00:00,31267.0,31437.0,31052.0,31112.0,22223,7,0
2023-05-31 00:00:00,31112.0,31135.0,30631.0,30752.0,24503,5,0
2023-06-01 00:00:00,30746.0,31426.0,30746.0,31386.0,20309,5,0
2023-06-02 00:00:00,31379.0,32001.0,31261.0,31946.0,18728,4,0
2023-06-05 00:00:00,31961.0,32557.0,31803.0,32111.0,23040,4,0
2023-06-06 00:00:00,32113.0,32692.0,31922.0,32617.0,20935,5,0
2023-06-07 00:00:00,32581.0,32705.0,31756.0,31851.0,27447,4,0
2023-06-08 00:00:00,31841.0,32033.0,31412.0,31871.0,22194,4,0
2023-06-09 00:00:00,31858.0,32541.0,31858.0,32301.0,22352,5,0
2023-06-12 00:00:00,32316.0,32741.0,32258.0,32706.0,16940,5,0
2023-06-13 00:00:00,32711.0,33587.0,32645.0,33456.0,25777,5,0
2023-06-14 00:00:00,33456.0,33816.0,33203.0,33636.0,30798,4,0
2023-06-15 00:00:00,33611.0,33797.0,33159.0,33501.0,27634,5,0
2023-06-16 00:00:00,33496.0,34006.0,33182.0,33744.0,26397,5,0
2023-06-19 00:00:00,33332.0,33402.0,33321.0,33382.0,819,6,0
2023-06-20 00:00:00,33368.0,33477.0,33069.0,33131.0,23217,6,0
2023-06-21 00:00:00,33141.0,33789.0,33103.0,33566.0,22484,6,0
2023-06-22 00:00:00,33564.0,33638.0,33159.0,33496.0,18324,4,0
2023-06-23 00:00:00,33497.0,33567.0,32399.0,32646.0,24224,4,0
2023-06-26 00:00:00,32656.0,32918.0,32382.0,32591.0,21522,4,0
2023-06-27 00:00:00,32586.0,32887.0,32302.0,32821.0,18017,5,0
2023-06-28 00:00:00,32811.0,33367.0,32638.0,33281.0,20713,5,0
2023-06-29 00:00:00,33266.0,33532.0,33095.0,33146.0,18457,5,0
2023-06-30 00:00:00,33156.0,33511.0,32912.0,33406.0,16456,5,0
2023-07-03 00:00:00,33441.0,33824.0,33423.0,33596.0,14851,4,0
2023-07-04 00:00:00,33591.0,33616.0,33169.0,33185.0,11107,5,0
2023-07-05 00:00:00,33201.0,33380.0,32981.0,33096.0,18057,5,0
2023-07-06 00:00:00,33101.0,33103.0,32236.0,32396.0,23555,5,0
2023-07-07 00:00:00,32396.0,32723.0,32217.0,32401.0,21347,5,0
2023-07-10 00:00:00,32411.0,32561.0,32054.0,32321.0,21783,5,0
2023-07-11 00:00:00,32316.0,32473.0,32056.0,32316.0,17862,5,0
2023-07-12 00:00:00,32286.0,32399.0,31781.0,32031.0,24503,4,0
2023-07-13 00:00:00,32031.0,32819.0,31942.0,32761.0,18222,5,0
2023-07-14 00:00:00,32731.0,32882.0,32212.0,32331.0,22624,5,0
2023-07-17 00:00:00,32326.0,32463.0,32241.0,32296.0,598,6,0
2023-07-18 00:00:00,32444.0,32812.0,32328.0,32741.0,24492,4,0
2023-07-19 00:00:00,32731.0,33062.0,32658.0,32876.0,24764,4,0
2023-07-20 00:00:00,32866.0,32888.0,32248.0,32321.0,23954,4,0
2023-07-21 00:00:00,32311.0,32772.0,32068.0,32696.0,25118,4,0
2023-07-24 00:00:00,32666.0,32833.0,32501.0,32751.0,20003,4,0
2023-07-25 00:00:00,32756.0,32772.0,32504.0,32641.0,16721,4,0
2023-07-26 00:00:00,32611.0,32723.0,32403.0,32531.0,18951,4,0
2023-07-27 00:00:00,32531.0,33232.0,32432.0,32586.0,22225,4,0
2023-07-28 00:00:00,32571.0,33156.0,32014.0,33111.0,36573,4,0
2023-07-31 00:00:00,33076.0,33401.0,33003.0,33301.0,24817,4,0
2023-08-01 00:00:00,33316.0,33483.0,33162.0,33206.0,21719,4,0
2023-08-02 00:00:00,33116.0,33178.0,32264.0,32266.0,29955,4,0
2023-08-03 00:00:00,32281.0,32443.0,31676.0,31911.0,32387,4,0
2023-08-04 00:00:00,31901.0,32302.0,31877.0,31946.0,25531,5,0
2023-08-07 00:00:00,31946.0,32446.0,31808.0,32421.0,22192,5,0
2023-08-08 00:00:00,32416.0,32536.0,32101.0,32306.0,27436,5,0
2023-08-09 00:00:00,32311.0,32409.0,32064.0,32186.0,25541,5,0
2023-08-10 00:00:00,32181.0,32826.0,32024.0,32531.0,35705,5,0
2023-08-14 00:00:00,32486.0,32616.0,32026.0,32301.0,30745,5,0
2023-08-15 00:00:00,32276.0,32402.0,31896.0,31916.0,28760,5,0
2023-08-16 00:00:00,31916.0,31994.0,31639.0,31651.0,30913,6,0
2023-08-17 00:00:00,31666.0,31789.0,31300.0,31331.0,32118,5,0
2023-08-18 00:00:00,31326.0,31640.0,31245.0,31491.0,30917,6,0
2023-08-21 00:00:00,31478.0,31856.0,31398.0,31831.0,26788,5,0
2023-08-22 00:00:00,31816.0,32031.0,31686.0,31751.0,23773,5,0
2023-08-23 00:00:00,31751.0,32211.0,31707.0,32206.0,22347,5,0
2023-08-24 00:00:00,32176.0,32301.0,31681.0,31706.0,27059,5,0
2023-08-25 00:00:00,31696.0,31901.0,31557.0,31861.0,29563,8,0
2023-08-28 00:00:00,31871.0,32327.0,31871.0,32321.0,20226,5,0
2023-08-29 00:00:00,32321.0,32462.0,32159.0,32451.0,21039,8,0
2023-08-30 00:00:00,32421.0,32556.0,32188.0,32396.0,16223,5,0
2023-08-31 00:00:00,32386.0,32692.0,32342.0,32491.0,23259,6,0
2023-09-01 00:00:00,32511.0,32841.0,32456.0,32751.0,24322,5,0
2023-09-04 00:00:00,32726.0,33086.0,32708.0,32897.0,11944,9,0
2023-09-05 00:00:00,32936.0,33164.0,32777.0,33056.0,22579,6,0
2023-09-06 00:00:00,33066.0,33294.0,33003.0,33121.0,23681,5,0
2023-09-07 00:00:00,33111.0,33331.0,32781.0,32906.0,22661,5,0
2023-09-08 00:00:00,32896.0,32973.0,32479.0,32726.0,24144,5,0
2023-09-11 00:00:00,32676.0,32746.0,32386.0,32661.0,22146,5,0
2023-09-12 00:00:00,32636.0,32897.0,32484.0,32776.0,21001,5,0
2023-09-13 00:00:00,32781.0,32931.0,32618.0,32861.0,24375,5,0
2023-09-14 00:00:00,32856.0,33421.0,32837.0,33411.0,23078,5,0
2023-09-15 00:00:00,33396.0,33656.0,33242.0,33281.0,26264,6,0
2023-09-18 00:00:00,33271.0,33347.0,33246.0,33341.0,563,11,0
2023-09-19 00:00:00,33257.0,33395.0,33137.0,33260.0,19574,5,0
2023-09-20 00:00:00,33250.0,33305.0,32975.0,32975.0,22310,5,0
2023-09-21 00:00:00,32965.0,32981.0,32225.0,32230.0,27487,5,0
2023-09-22 00:00:00,32230.0,32636.0,32160.0,32500.0,27009,5,0
2023-09-25 00:00:00,32490.0,32750.0,32387.0,32710.0,25959,5,0
2023-09-26 00:00:00,32695.0,32707.0,32055.0,32125.0,27466,5,0
2023-09-27 00:00:00,32125.0,32476.0,31957.0,32285.0,28625,5,0
2023-09-28 00:00:00,32065.0,32156.0,31657.0,31992.0,34437,4,0
2023-09-29 00:00:00,31972.0,32123.0,31707.0,31797.0,27202,6,0
2023-10-02 00:00:00,31957.0,32403.0,31477.0,31592.0,29947,5,0
2023-10-03 00:00:00,31582.0,31654.0,30652.0,30707.0,37323,5,0
2023-10-04 00:00:00,30707.0,30822.0,30262.0,30692.0,46810,5,0
2023-10-05 00:00:00,30667.0,31192.0,30551.0,31022.0,40187,5,0
2023-10-06 00:00:00,31007.0,31387.0,30853.0,31332.0,37707,5,0
2023-10-09 00:00:00,31182.0,31188.0,31014.0,31094.0,1153,9,0
2023-10-10 00:00:00,31349.0,31965.0,31349.0,31782.0,32914,5,0
2023-10-11 00:00:00,31797.0,32082.0,31754.0,32017.0,31066,6,0
2023-10-12 00:00:00,31997.0,32653.0,31997.0,32267.0,31011,5,0
2023-10-13 00:00:00,32262.0,32518.0,31843.0,31877.0,39756,5,0
2023-10-16 00:00:00,31887.0,32043.0,31549.0,31972.0,35682,5,0
2023-10-17 00:00:00,31962.0,32252.0,31810.0,32112.0,37410,5,0
2023-10-18 00:00:00,32107.0,32125.0,31582.0,31647.0,37907,5,0
2023-10-19 00:00:00,31622.0,31727.0,31237.0,31252.0,45382,5,0
2023-10-20 00:00:00,31257.0,31423.0,30993.0,31002.0,37562,5,0
2023-10-23 00:00:00,31017.0,31189.0,30724.0,31056.0,32677,5,0
2023-10-24 00:00:00,31036.0,31289.0,30541.0,31246.0,38349,4,0
2023-10-25 00:00:00,31247.0,31458.0,30929.0,30946.0,34392,5,0
2023-10-26 00:00:00,30931.0,30931.0,30453.0,30531.0,40671,5,0
2023-10-27 00:00:00,30576.0,31088.0,30521.0,30611.0,32029,4,0
2023-10-30 00:00:00,30666.0,30853.0,30378.0,30571.0,23910,5,0
2023-10-31 00:00:00,30563.0,31387.0,30538.0,31356.0,27560,5,0
2023-11-01 00:00:00,31337.0,31902.0,31282.0,31896.0,26643,4,0
2023-11-02 00:00:00,31891.0,32339.0,31812.0,32316.0,25392,4,0
2023-11-06 00:00:00,32716.0,32781.0,32466.0,32604.0,18287,4,0
2023-11-07 00:00:00,32584.0,32627.0,32198.0,32494.0,17520,6,0
2023-11-08 00:00:00,32482.0,32557.0,32042.0,32309.0,20401,5,0
2023-11-09 00:00:00,32297.0,32867.0,32194.0,32509.0,21859,4,0
2023-11-10 00:00:00,32511.0,32916.0,32241.0,32809.0,27581,4,0
2023-11-13 00:00:00,32806.0,32990.0,32492.0,32774.0,24884,4,0
2023-11-14 00:00:00,32763.0,33236.0,32662.0,33227.0,23705,4,0
2023-11-15 00:00:00,33205.0,33587.0,33192.0,33369.0,26634,4,0
2023-11-16 00:00:00,33373.0,33612.0,33204.0,33414.0,24711,4,0
2023-11-17 00:00:00,33368.0,33602.0,33252.0,33484.0,19881,4,0
2023-11-20 00:00:00,33486.0,33857.0,33186.0,33404.0,19720,4,0
2023-11-21 00:00:00,33414.0,33462.0,33129.0,33172.0,17329,4,0
2023-11-22 00:00:00,33163.0,33763.0,33098.0,33754.0,14983,4,0
2023-11-23 00:00:00,33731.0,33748.0,33698.0,33708.0,231,4,0
2023-11-24 00:00:00,33777.0,33822.0,33587.0,33737.0,8845,4,0
2023-11-27 00:00:00,33741.0,33808.0,33392.0,33509.0,13917,4,0
2023-11-28 00:00:00,33487.0,33562.0,33217.0,33301.0,14541,4,0
2023-11-29 00:00:00,33282.0,33517.0,33177.0,33309.0,15796,4,0
2023-11-30 00:00:00,33257.0,33582.0,33157.0,33514.0,16595,4,0
2023-12-01 00:00:00,33502.0,33572.0,33249.0,33474.0,15246,4,0
2023-12-04 00:00:00,33455.0,33467.0,32898.0,33054.0,15948,4,0
2023-12-05 00:00:00,33036.0,33078.0,32688.0,32909.0,16962,4,0
2023-12-06 00:00:00,32908.0,33457.0,32876.0,33131.0,19310,4,0
2023-12-07 00:00:00,33126.0,33177.0,32154.0,32399.0,24848,4,0
2023-12-08 00:00:00,32402.0,32625.0,32200.0,32564.0,20199,4,0
2023-12-11 00:00:00,32577.0,33129.0,32540.0,33108.0,16203,4,0
2023-12-12 00:00:00,33092.0,33209.0,32764.0,32994.0,11951,4,0
2023-12-13 00:00:00,32959.0,33094.0,32699.0,32914.0,13429,4,0
2023-12-14 00:00:00,32899.0,33144.0,32495.0,32668.0,22043,4,0
2023-12-15 00:00:00,32664.0,33114.0,32664.0,32688.0,15339,4,0
2023-12-18 00:00:00,32714.0,32869.0,32539.0,32778.0,11266,5,0
2023-12-19 00:00:00,32784.0,33689.0,32649.0,33437.0,16306,4,0
2023-12-20 00:00:00,33419.0,33829.0,33059.0,33209.0,15601,4,0
2023-12-21 00:00:00,33183.0,33348.0,33083.0,33308.0,17760,4,0
2023-12-22 00:00:00,33281.0,33425.0,33103.0,33289.0,13729,4,0
2023-12-26 00:00:00,33288.0,33567.0,33178.0,33519.0,6541,5,0
2023-12-27 00:00:00,33523.0,33767.0,33443.0,33513.0,15289,4,0
2023-12-28 00:00:00,33444.0,33560.0,33280.0,33424.0,11001,4,0
2023-12-29 00:00:00,33450.0,33635.0,33190.0,33294.0,10629,4,0
2024-01-02 00:00:00,33245.0,33429.0,32959.0,33063.0,9651,4,0
2024-01-03 00:00:00,33084.0,33354.0,33044.0,33069.0,15051,4,0
2024-01-04 00:00:00,33068.0,33509.0,32680.0,33357.0,14964,4,0
2024-01-05 00:00:00,33339.0,33621.0,33253.0,33426.0,18231,4,0
2024-01-08 00:00:00,33461.0,33933.0,33253.0,33859.0,10513,4,0
2024-01-09 00:00:00,33863.0,33982.0,33592.0,33889.0,16840,4,0
2024-01-10 00:00:00,33888.0,34954.0,33848.0,34947.0,19720,4,0
2024-01-11 00:00:00,34922.0,35804.0,34837.0,35238.0,23993,4,0
2024-01-12 00:00:00,35237.0,35727.0,35181.0,35549.0,24081,4,0
2024-01-15 00:00:00,35552.0,36207.0,35502.0,36174.0,16463,4,0
2024-01-16 00:00:00,36146.0,36157.0,35557.0,35904.0,29021,4,0
2024-01-17 00:00:00,35877.0,36247.0,35302.0,35514.0,24765,4,0
2024-01-18 00:00:00,35482.0,36087.0,35357.0,36071.0,22701,4,0
2024-01-19 00:00:00,36067.0,36347.0,35787.0,36264.0,22928,4,0
2024-01-22 00:00:00,36287.0,36735.0,36287.0,36702.0,19849,4,0
2024-01-23 00:00:00,36687.0,36991.0,36042.0,36513.0,22329,4,0
2024-01-24 00:00:00,36507.0,36572.0,36097.0,36118.0,23262,4,0
2024-01-25 00:00:00,36181.0,36312.0,35897.0,36031.0,22405,4,0
2024-01-26 00:00:00,36026.0,36096.0,35676.0,35869.0,27577,4,0
2024-01-29 00:00:00,35871.0,36192.0,35791.0,36162.0,24016,4,0
2024-01-30 00:00:00,36141.0,36272.0,35739.0,35754.0,31486,4,0
2024-01-31 00:00:00,35696.0,36396.0,35673.0,35964.0,45649,4,0
2024-02-01 00:00:00,35967.0,36307.0,35732.0,36263.0,34796,4,0
2024-02-02 00:00:00,36256.0,36446.0,36032.0,36394.0,36392,4,0
2024-02-05 00:00:00,36402.0,36517.0,36131.0,36359.0,32367,4,0
2024-02-06 00:00:00,36362.0,36378.0,35827.0,35979.0,41794,4,0
2024-02-07 00:00:00,35952.0,36403.0,35846.0,36389.0,42616,4,0
2024-02-08 00:00:00,36363.0,37143.0,36312.0,37121.0,53228,4,0
2024-02-09 00:00:00,37093.0,37287.0,36874.0,37132.0,36987,4,0
2024-02-12 00:00:00,37124.0,37601.0,37070.0,37471.0,21302,4,0
2024-02-13 00:00:00,37440.0,38396.0,37411.0,37720.0,50439,4,0
2024-02-14 00:00:00,37715.0,38139.0,37591.0,38113.0,52012,4,0
2024-02-15 00:00:00,38118.0,38666.0,37939.0,38631.0,40042,4,0
2024-02-16 00:00:00,38638.0,38874.0,38238.0,38259.0,50097,4,0
2024-02-19 00:00:00,38263.0,38623.0,38263.0,38570.0,23252,4,0
2024-02-20 00:00:00,38528.0,38753.0,38118.0,38310.0,58840,4,0
2024-02-21 00:00:00,38273.0,38810.0,38102.0,38788.0,52210,4,0
2024-02-22 00:00:00,38793.0,39497.0,38659.0,39445.0,59863,4,0
2024-02-23 00:00:00,39498.0,39638.0,39279.0,39435.0,39309,4,0
2024-02-26 00:00:00,39462.0,39534.0,39190.0,39320.0,48724,4,0
2024-02-27 00:00:00,39318.0,39433.0,39116.0,39345.0,44545,4,0
2024-02-28 00:00:00,39283.0,39346.0,38979.0,39003.0,34921,4,0
2024-02-29 00:00:00,39001.0,39347.0,38887.0,39322.0,52886,4,0
2024-03-01 00:00:00,39312.0,40296.0,39282.0,40191.0,59848,4,0
2024-03-04 00:00:00,40163.0,40359.0,40012.0,40071.0,41120,4,0
2024-03-05 00:00:00,40063.0,40238.0,39678.0,39876.0,43342,4,0
2024-03-06 00:00:00,39838.0,40591.0,39764.0,40399.0,57325,4,0
2024-03-07 00:00:00,40341.0,40498.0,39164.0,39748.0,68993,4,0
2024-03-08 00:00:00,39767.0,40018.0,38993.0,39079.0,83566,4,0
2024-03-11 00:00:00,39023.0,39080.0,38335.0,38444.0,74568,4,0
2024-03-12 00:00:00,38449.0,39152.0,38310.0,39108.0,65463,4,0
2024-03-13 00:00:00,39093.0,39228.0,38482.0,38589.0,62790,4,0
2024-03-14 00:00:00,38559.0,38926.0,38334.0,38584.0,69741,4,0
2024-03-15 00:00:00,38542.0,38998.0,38487.0,38914.0,63102,4,0
2024-03-18 00:00:00,39006.0,39833.0,38922.0,39668.0,54156,4,0
2024-03-19 00:00:00,39598.0,40137.0,39427.0,40067.0,75162,4,0
2024-03-20 00:00:00,40075.0,40642.0,40072.0,40616.0,37783,6,0
2024-03-21 00:00:00,40591.0,41166.0,40478.0,41041.0,63181,6,0
2024-03-22 00:00:00,41023.0,41128.0,40692.0,40775.0,50824,5,0
2024-03-25 00:00:00,40761.0,40883.0,40225.0,40419.0,45286,5,0
2024-03-26 00:00:00,40428.0,40734.0,40322.0,40501.0,44796,5,0
2024-03-27 00:00:00,40513.0,41016.0,40482.0,40744.0,48293,5,0
2024-03-28 00:00:00,40497.0,40529.0,40066.0,40376.0,41532,5,0
2024-04-01 00:00:00,40466.0,40746.0,39686.0,39945.0,50682,5,0
2024-04-02 00:00:00,39931.0,40178.0,39432.0,39678.0,60890,5,0
2024-04-03 00:00:00,39641.0,40073.0,39237.0,40002.0,59469,5,0
2024-04-04 00:00:00,39997.0,40277.0,39061.0,39078.0,60393,5,0
2024-04-05 00:00:00,39131.0,39387.0,38766.0,39311.0,76857,5,0
2024-04-08 00:00:00,39356.0,39641.0,39212.0,39464.0,56758,5,0
2024-04-09 00:00:00,39461.0,39804.0,39285.0,39690.0,57932,5,0
2024-04-10 00:00:00,39664.0,39731.0,39022.0,39107.0,75002,5,0
2024-04-11 00:00:00,39103.0,39698.0,39005.0,39672.0,67595,5,0
2024-04-12 00:00:00,39675.0,39959.0,38785.0,38847.0,73651,5,0
2024-04-15 00:00:00,38947.0,39499.0,38625.0,38690.0,85017,5,0
2024-04-16 00:00:00,38687.0,38749.0,38292.0,38480.0,103416,5,0
2024-04-17 00:00:00,38477.0,38659.0,37622.0,37714.0,98286,5,0
2024-04-18 00:00:00,37752.0,38234.0,37648.0,37745.0,91589,5,0
2024-04-19 00:00:00,37748.0,37779.0,36702.0,37105.0,133717,5,0
2024-04-22 00:00:00,37174.0,37846.0,37060.0,37728.0,85723,5,0
2024-04-23 00:00:00,37719.0,37952.0,37413.0,37947.0,67817,5,0
2024-04-24 00:00:00,37940.0,38460.0,37910.0,38060.0,77425,5,0
2024-04-25 00:00:00,37970.0,38033.0,37116.0,37839.0,96823,5,0
2024-04-26 00:00:00,37812.0,38399.0,37556.0,38347.0,92881,5,0
2024-04-29 00:00:00,38369.0,38738.0,38170.0,38313.0,80942,5,0
2024-04-30 00:00:00,38299.0,38621.0,38083.0,38100.0,72518,5,0
2024-05-01 00:00:00,38055.0,38488.0,37743.0,37819.0,78654,5,0
2024-05-02 00:00:00,37905.0,38359.0,37732.0,37930.0,84989,5,0
2024-05-03 00:00:00,37920.0,38374.0,37797.0,38349.0,54433,5,0
2024-05-06 00:00:00,38348.0,38896.0,38348.0,38889.0,29625,6,0
2024-05-07 00:00:00,38873.0,38940.0,38537.0,38699.0,45210,5,0
2024-05-08 00:00:00,38695.0,38759.0,38149.0,38366.0,47790,5,0
2024-05-09 00:00:00,38345.0,38457.0,37969.0,38421.0,44018,5,0
2024-05-10 00:00:00,38408.0,38753.0,38104.0,38204.0,46948,5,0
2024-05-13 00:00:00,38223.0,38278.0,37957.0,38164.0,39103,5,0
2024-05-14 00:00:00,38170.0,38600.0,38075.0,38590.0,41118,5,0
2024-05-15 00:00:00,38588.0,38828.0,38263.0,38705.0,39836,5,0
2024-05-16 00:00:00,38713.0,38968.0,38512.0,38520.0,50636,5,0
2024-05-17 00:00:00,38536.0,38845.0,38528.0,38665.0,41711,5,0
2024-05-20 00:00:00,38689.0,39457.0,38678.0,39220.0,49990,5,0
2024-05-21 00:00:00,39232.0,39363.0,38753.0,38871.0,46405,5,0
2024-05-22 00:00:00,38870.0,38957.0,38453.0,38761.0,55152,5,0
2024-05-23 00:00:00,38800.0,39185.0,38427.0,38547.0,61093,5,0
2024-05-24 00:00:00,38525.0,38877.0,38357.0,38785.0,53494,5,0
2024-05-27 00:00:00,38806.0,38980.0,38663.0,38948.0,24538,6,0
2024-05-28 00:00:00,38951.0,38991.0,38750.0,38951.0,43436,5,0
2024-05-29 00:00:00,38926.0,39156.0,38158.0,38163.0,51775,5,0
2024-05-30 00:00:00,38171.0,38334.0,37605.0,38093.0,67234,5,0
2024-05-31 00:00:00,38048.0,38741.0,37971.0,38726.0,75974,5,0
2024-06-03 00:00:00,38706.0,39045.0,38423.0,38693.0,81350,5,0
2024-06-04 00:00:00,38663.0,38886.0,38287.0,38435.0,85982,5,0
2024-06-05 00:00:00,38421.0,38978.0,38335.0,38948.0,59673,5,0
2024-06-06 00:00:00,38971.0,39074.0,38538.0,38653.0,61863,5,0
2024-06-07 00:00:00,38641.0,38908.0,38543.0,38651.0,64647,5,0
2024-06-10 00:00:00,38596.0,39235.0,38559.0,39203.0,49513,5,0
2024-06-11 00:00:00,39171.0,39338.0,38798.0,38928.0,68208,5,0
2024-06-12 00:00:00,38948.0,39292.0,38798.0,39178.0,65340,5,0
2024-06-13 00:00:00,39165.0,39289.0,38385.0,38588.0,78567,5,0
2024-06-14 00:00:00,38584.0,39032.0,38298.0,38478.0,65695,5,0
2024-06-17 00:00:00,38517.0,38588.0,37943.0,38455.0,49252,5,0
2024-06-18 00:00:00,38428.0,38654.0,38333.0,38609.0,40277,5,0
2024-06-19 00:00:00,38612.0,38816.0,38334.0,38359.0,24277,5,0
2024-06-20 00:00:00,38365.0,38750.0,38266.0,38621.0,53632,5,0
2024-06-21 00:00:00,38625.0,38810.0,38393.0,38540.0,55053,5,0
2024-06-24 00:00:00,38523.0,39008.0,38415.0,38753.0,58465,5,0
2024-06-25 00:00:00,38738.0,39378.0,38738.0,39353.0,46596,5,0
2024-06-26 00:00:00,39338.0,39826.0,39249.0,39470.0,59753,5,0
2024-06-27 00:00:00,39444.0,39678.0,39198.0,39586.0,64133,5,0
2024-06-28 00:00:00,39584.0,39966.0,39488.0,39831.0,76349,5,0
2024-07-01 00:00:00,39814.0,39977.0,39454.0,39514.0,61552,5,0
2024-07-02 00:00:00,39519.0,40284.0,39466.0,40256.0,53800,5,0
2024-07-03 00:00:00,40254.0,40744.0,40179.0,40670.0,43989,5,0
2024-07-04 00:00:00,40737.0,40989.0,40621.0,40886.0,27724,5,0
2024-07-05 00:00:00,40869.0,41138.0,40772.0,41034.0,49588,5,0
2024-07-08 00:00:00,41010.0,41130.0,40803.0,40961.0,39342,5,0
2024-07-09 00:00:00,40946.0,41799.0,40946.0,41559.0,53829,5,0
2024-07-10 00:00:00,41541.0,42512.0,41451.0,42486.0,47712,5,0
2024-07-11 00:00:00,42487.0,42517.0,41506.0,41646.0,80409,5,0
2024-07-12 00:00:00,41633.0,41828.0,41028.0,41212.0,72873,5,0
2024-07-15 00:00:00,41271.0,41424.0,41044.0,41194.0,47628,5,0
2024-07-16 00:00:00,41217.0,41584.0,41133.0,41546.0,57092,5,0
2024-07-17 00:00:00,41549.0,41624.0,40151.0,40274.0,79331,5,0
2024-07-18 00:00:00,40254.0,40441.0,39886.0,40049.0,93257,5,0
2024-07-19 00:00:00,40074.0,40239.0,39588.0,39621.0,87930,5,0
2024-07-22 00:00:00,39656.0,39991.0,39474.0,39896.0,71105,5,0
2024-07-23 00:00:00,39876.0,39979.0,39446.0,39449.0,67128,5,0
2024-07-24 00:00:00,39386.0,39658.0,38113.0,38182.0,83013,5,0
2024-07-25 00:00:00,38155.0,38325.0,37349.0,37730.0,124843,3,0
2024-07-26 00:00:00,37750.0,38287.0,37614.0,38227.0,105893,5,0
2024-07-29 00:00:00,38275.0,38735.0,38187.0,38315.0,93196,5,0
2024-07-30 00:00:00,38271.0,38744.0,37900.0,38020.0,108531,5,0
2024-07-31 00:00:00,38061.0,39289.0,37968.0,38719.0,139455,5,0
2024-08-01 00:00:00,38731.0,38891.0,36431.0,36716.0,158975,5,0
2024-08-02 00:00:00,36719.0,36757.0,34368.0,34826.0,167877,5,0
2024-08-05 00:00:00,34701.0,34767.0,30398.0,33366.0,234780,5,0
2024-08-06 00:00:00,33381.0,34928.0,32843.0,33423.0,226404,5,0
2024-08-07 00:00:00,33387.0,35861.0,33240.0,34346.0,198582,5,0
2024-08-08 00:00:00,34339.0,35776.0,33720.0,35711.0,189600,5,0
2024-08-09 00:00:00,35736.0,35934.0,34435.0,35296.0,161418,5,0
2024-08-12 00:00:00,35300.0,35877.0,35191.0,35562.0,30940,5,0
2024-08-13 00:00:00,35510.0,36484.0,35446.0,36427.0,96809,5,0
2024-08-14 00:00:00,36412.0,36685.0,35856.0,36300.0,101627,5,0
2024-08-15 00:00:00,36290.0,37732.0,36245.0,37732.0,79219,5,0
2024-08-16 00:00:00,37682.0,38150.0,37310.0,37647.0,91336,5,0
2024-08-19 00:00:00,37650.0,38129.0,37164.0,37832.0,96803,5,0
2024-08-20 00:00:00,37862.0,38290.0,37487.0,37630.0,94003,5,0
2024-08-21 00:00:00,37591.0,38255.0,37491.0,38047.0,104477,5,0
2024-08-22 00:00:00,38080.0,38660.0,37881.0,38147.0,101809,5,0
2024-08-23 00:00:00,38173.0,38687.0,38049.0,38322.0,112941,5,0
2024-08-26 00:00:00,38273.0,38374.0,37817.0,37940.0,79372,5,0
2024-08-27 00:00:00,37966.0,38556.0,37866.0,38276.0,67254,5,0
2024-08-28 00:00:00,38303.0,38603.0,37918.0,38148.0,71700,5,0
2024-08-29 00:00:00,37980.0,38822.0,37868.0,38382.0,86813,5,0
2024-08-30 00:00:00,38366.0,39062.0,38317.0,39045.0,83147,5,0
2024-09-02 00:00:00,39025.0,39181.0,38482.0,38865.0,50916,5,0
2024-09-03 00:00:00,38875.0,38982.0,37444.0,37627.0,119831,5,0
2024-09-04 00:00:00,37599.0,37755.0,36529.0,36539.0,153711,5,0
2024-09-05 00:00:00,36582.0,37120.0,36194.0,36984.0,159789,5,0
2024-09-06 00:00:00,37008.0,37047.0,35125.0,35163.0,163113,5,0
2024-09-09 00:00:00,35250.0,36522.0,35130.0,36343.0,113497,5,0
2024-09-10 00:00:00,36315.0,36550.0,35611.0,36119.0,118245,5,0
2024-09-11 00:00:00,36095.0,36643.0,35262.0,36530.0,133349,5,0
2024-09-12 00:00:00,36561.0,37078.0,36375.0,36922.0,150502,5,0
2024-09-13 00:00:00,36913.0,37061.0,36283.0,36433.0,126165,5,0
2024-09-16 00:00:00,36408.0,36723.0,36209.0,36654.0,35733,5,0
2024-09-17 00:00:00,36641.0,36777.0,35803.0,36694.0,121503,5,0
2024-09-18 00:00:00,36672.0,36718.0,36131.0,36700.0,116982,5,0
2024-09-19 00:00:00,36647.0,37939.0,36645.0,37732.0,128311,5,0
2024-09-20 00:00:00,37726.0,38420.0,37656.0,38217.0,112652,5,0
2024-09-23 00:00:00,38238.0,38663.0,38125.0,38323.0,83258,5,0
2024-09-24 00:00:00,38313.0,38510.0,37713.0,37900.0,101146,5,0
2024-09-25 00:00:00,37873.0,38346.0,37816.0,38334.0,89591,5,0
2024-09-26 00:00:00,38318.0,39632.0,38318.0,39566.0,106867,5,0
2024-09-27 00:00:00,39338.0,39942.0,37264.0,37390.0,175560,5,0
2024-09-30 00:00:00,37339.0,38439.0,37339.0,38194.0,145077,5,0
2024-10-01 00:00:00,38179.0,38779.0,37586.0,37976.0,137769,5,0
2024-10-02 00:00:00,37966.0,38720.0,37651.0,38671.0,119224,5,0
2024-10-03 00:00:00,38679.0,39014.0,38311.0,38569.0,130318,5,0
2024-10-04 00:00:00,38526.0,39626.0,38416.0,39536.0,100936,5,0
2024-10-07 00:00:00,39591.0,39831.0,38732.0,38914.0,98613,5,0
2024-10-08 00:00:00,38910.0,39497.0,38653.0,39374.0,95913,5,0
2024-10-09 00:00:00,39400.0,39684.0,39104.0,39670.0,85106,5,0
2024-10-10 00:00:00,39639.0,39709.0,38878.0,39402.0,106556,5,0
2024-10-11 00:00:00,39404.0,39932.0,39366.0,39742.0,76976,5,0
2024-10-14 00:00:00,39756.0,40141.0,39543.0,40120.0,49455,5,0
2024-10-15 00:00:00,40099.0,40284.0,38833.0,38948.0,88691,3,0
2024-10-16 00:00:00,38956.0,39499.0,38870.0,39446.0,83185,5,0
2024-10-17 00:00:00,39424.0,39460.0,38763.0,39216.0,93156,5,0
2024-10-18 00:00:00,39195.0,39295.0,38903.0,39165.0,71047,5,0
2024-10-21 00:00:00,39188.0,39246.0,38720.0,39127.0,64890,5,0
2024-10-22 00:00:00,39098.0,39121.0,38191.0,38285.0,88173,5,0
2024-10-23 00:00:00,38268.0,38523.0,37625.0,37843.0,88768,5,0
2024-10-24 00:00:00,37845.0,38335.0,37712.0,38075.0,100744,5,0
2024-10-25 00:00:00,38085.0,38361.0,37715.0,38050.0,86123,5,0
2024-10-28 00:00:00,37407.0,38761.0,37407.0,38611.0,115378,5,0
2024-10-29 00:00:00,38645.0,39278.0,38408.0,39188.0,103470,5,0
2024-10-30 00:00:00,39169.0,39714.0,39013.0,39273.0,114968,5,0
2024-10-31 00:00:00,39249.0,39269.0,38107.0,38332.0,138847,5,0
2024-11-01 00:00:00,38329.0,38773.0,37933.0,38563.0,126241,5,0
2024-11-04 00:00:00,38408.0,38644.0,38239.0,38418.0,41873,5,0
2024-11-05 00:00:00,38439.0,39095.0,38149.0,38958.0,93234,5,0
2024-11-06 00:00:00,38969.0,40164.0,38678.0,40073.0,181461,5,0
2024-11-07 00:00:00,40055.0,40104.0,39026.0,39675.0,114775,5,0
2024-11-08 00:00:00,39677.0,39925.0,38935.0,39072.0,103428,5,0
2024-11-11 00:00:00,39124.0,39811.0,39100.0,39623.0,68767,5,0
2024-11-12 00:00:00,39616.0,39869.0,38986.0,39201.0,89429,5,0
2024-11-13 00:00:00,39186.0,39388.0,38486.0,38941.0,92438,5,0
2024-11-14 00:00:00,38919.0,39096.0,38499.0,38894.0,84130,5,0
2024-11-15 00:00:00,38891.0,39117.0,37761.0,38069.0,102791,6,0
2024-11-18 00:00:00,37981.0,38561.0,37943.0,38358.0,90495,5,0
2024-11-19 00:00:00,38317.0,38570.0,37700.0,38236.0,111529,5,0
2024-11-20 00:00:00,38248.0,38529.0,37843.0,38343.0,91818,5,0
2024-11-21 00:00:00,38278.0,38372.0,37698.0,38206.0,124779,5,0
2024-11-22 00:00:00,38211.0,38633.0,38038.0,38581.0,101785,5,0
2024-11-25 00:00:00,38587.0,39069.0,38587.0,38856.0,91825,5,0
2024-11-26 00:00:00,38855.0,38890.0,38014.0,38319.0,105216,5,0
2024-11-27 00:00:00,38324.0,38430.0,37635.0,37798.0,95777,5,0
2024-11-28 00:00:00,37774.0,38482.0,37774.0,38292.0,60576,5,0
2024-11-29 00:00:00,38323.0,38452.0,37980.0,38285.0,81634,5,0
2024-12-02 00:00:00,38251.0,38706.0,37946.0,38613.0,86558,4,0
2024-12-03 00:00:00,38631.0,39425.0,38586.0,39254.0,97046,5,0
2024-12-04 00:00:00,39237.0,39766.0,39031.0,39698.0,91624,5,0
2024-12-05 00:00:00,39637.0,39733.0,39255.0,39314.0,83660,5,0
2024-12-06 00:00:00,39308.0,39468.0,38932.0,39292.0,76020,5,0
2024-12-09 00:00:00,39311.0,39532.0,38974.0,39216.0,83913,5,0
2024-12-10 00:00:00,39151.0,39508.0,39151.0,39338.0,65281,6,0
2024-12-11 00:00:00,39321.0,40173.0,39141.0,39986.0,62508,6,0
2024-12-12 00:00:00,39991.0,40131.0,39591.0,39645.0,60591,5,0
2024-12-13 00:00:00,39664.0,39812.0,39276.0,39590.0,72382,5,0
2024-12-16 00:00:00,39621.0,39760.0,39404.0,39683.0,58000,5,0
2024-12-17 00:00:00,39673.0,39820.0,39250.0,39323.0,62354,5,0
2024-12-18 00:00:00,39302.0,39490.0,38295.0,38575.0,72281,5,0
2024-12-19 00:00:00,38513.0,39403.0,38242.0,39026.0,157009,5,0
2024-12-20 00:00:00,39067.0,39209.0,38386.0,38849.0,121528,5,0
2024-12-23 00:00:00,38918.0,39375.0,38878.0,39343.0,85359,5,0
2024-12-24 00:00:00,39331.0,39383.0,39038.0,39289.0,40196,5,0
2024-12-26 00:00:00,39253.0,39776.0,39146.0,39686.0,57698,5,0
2024-12-27 00:00:00,39688.0,40450.0,39578.0,40113.0,106552,5,0
2024-12-30 00:00:00,40141.0,40354.0,39274.0,39413.0,92029,5,0
2024-12-31 00:00:00,39479.0,39526.0,39178.0,39376.0,36439,5,0
2025-01-02 00:00:00,39412.0,39687.0,39183.0,39422.0,61426,5,0
2025-01-03 00:00:00,39407.0,39632.0,39227.0,39535.0,57034,5,0
2025-01-06 00:00:00,39611.0,40004.0,39233.0,39730.0,82738,5,0
2025-01-07 00:00:00,39726.0,40313.0,39629.0,39821.0,79653,5,0
2025-01-08 00:00:00,39796.0,40123.0,39713.0,39891.0,82341,5,0
2025-01-09 00:00:00,39861.0,39931.0,39393.0,39541.0,41763,5,0
2025-01-10 00:00:00,39536.0,39571.0,38633.0,38755.0,89004,5,0
2025-01-13 00:00:00,38697.0,38815.0,38135.0,38709.0,52887,5,0
2025-01-14 00:00:00,38709.0,39068.0,38314.0,38724.0,86738,5,0
2025-01-15 00:00:00,38726.0,38841.0,38236.0,38706.0,67637,5,0
2025-01-16 00:00:00,38702.0,38949.0,38264.0,38324.0,78622,5,0
2025-01-17 00:00:00,38322.0,38924.0,38064.0,38809.0,67194,5,0
2025-01-20 00:00:00,38783.0,39110.0,38691.0,38962.0,50683,5,0
2025-01-21 00:00:00,38959.0,39345.0,38640.0,39342.0,73921,5,0
2025-01-22 00:00:00,39343.0,39955.0,39318.0,39780.0,51104,6,0
2025-01-23 00:00:00,39803.0,40040.0,39682.0,39865.0,59764,5,0
2025-01-24 00:00:00,39833.0,40620.0,39818.0,40475.0,75827,6,0
2025-01-27 00:00:00,40369.0,40374.0,38658.0,39098.0,128040,5,0
2025-01-28 00:00:00,39119.0,39436.0,38886.0,39389.0,88507,5,0
2025-01-29 00:00:00,39374.0,39624.0,39126.0,39386.0,88876,5,0
2025-01-30 00:00:00,39347.0,39709.0,39215.0,39539.0,84900,5,0
2025-01-31 00:00:00,39582.0,39826.0,39289.0,39316.0,90422,5,0
2025-02-03 00:00:00,38883.0,39278.0,38385.0,39188.0,133998,5,0
2025-02-04 00:00:00,39163.0,39313.0,38583.0,39018.0,78620,6,0
2025-02-05 00:00:00,38988.0,39119.0,38570.0,38937.0,61351,6,0
2025-02-06 00:00:00,38928.0,39198.0,38835.0,38952.0,55304,5,0
2025-02-07 00:00:00,38953.0,39015.0,38337.0,38423.0,77026,2,0
2025-02-10 00:00:00,38250.0,38976.0,38250.0,38929.0,41901,5,0
2025-02-11 00:00:00,38890.0,39096.0,38768.0,39049.0,32711,5,0
2025-02-12 00:00:00,39044.0,39236.0,38768.0,39189.0,70438,6,0
2025-02-13 00:00:00,39174.0,39606.0,39122.0,39476.0,66984,6,0
2025-02-14 00:00:00,39444.0,39592.0,39001.0,39144.0,55518,5,0
2025-02-17 00:00:00,39120.0,39244.0,38995.0,39182.0,35994,6,0
2025-02-18 00:00:00,39170.0,39508.0,39112.0,39337.0,49374,5,0
2025-02-19 00:00:00,39319.0,39338.0,38769.0,38992.0,56851,5,0
2025-02-20 00:00:00,38967.0,38987.0,38394.0,38551.0,73385,5,0
2025-02-21 00:00:00,38517.0,38879.0,38064.0,38147.0,90679,5,0
2025-02-24 00:00:00,38179.0,38388.0,37888.0,38044.0,79315,5,0
2025-02-25 00:00:00,38062.0,38488.0,37686.0,38058.0,129301,5,0
2025-02-26 00:00:00,38094.0,38488.0,37741.0,38184.0,116437,5,0
2025-02-27 00:00:00,38126.0,38390.0,37550.0,37712.0,131204,5,0
2025-02-28 00:00:00,37765.0,37780.0,36832.0,37592.0,166130,5,0
2025-03-03 00:00:00,37641.0,38251.0,37089.0,37339.0,150042,5,0
2025-03-04 00:00:00,37303.0,37552.0,36254.0,37204.0,209258,5,0
2025-03-05 00:00:00,37226.0,37827.0,37086.0,37626.0,190705,6,0
2025-03-06 00:00:00,37617.0,37880.0,36830.0,37030.0,182558,5,0
2025-03-07 00:00:00,36988.0,37316.0,36455.0,37197.0,177433,6,0
2025-03-10 00:00:00,37139.0,37144.0,36161.0,36401.0,170486,5,0
2025-03-11 00:00:00,36390.0,36920.0,35968.0,36516.0,133193,5,0
2025-03-12 00:00:00,36546.0,37219.0,36529.0,36988.0,87315,5,0
2025-03-13 00:00:00,36976.0,37335.0,36553.0,36746.0,83981,6,0
2025-03-14 00:00:00,36746.0,37626.0,36529.0,37516.0,108932,5,0
2025-03-17 00:00:00,37503.0,38037.0,37373.0,37912.0,94273,5,0
2025-03-18 00:00:00,37930.0,38014.0,37650.0,37780.0,102691,5,0
2025-03-19 00:00:00,37778.0,38133.0,37558.0,37865.0,88455,5,0
2025-03-20 00:00:00,37894.0,37959.0,37418.0,37702.0,85057,5,0
2025-03-21 00:00:00,37687.0,37983.0,37358.0,37574.0,97792,5,0
2025-03-24 00:00:00,37712.0,38005.0,37579.0,37979.0,66977,6,0
2025-03-25 00:00:00,37938.0,38131.0,37695.0,38087.0,60453,3,0
2025-03-26 00:00:00,38067.0,38232.0,37667.0,37714.0,66823,5,0
2025-03-27 00:00:00,37652.0,37857.0,37515.0,37692.0,88240,5,0
2025-03-28 00:00:00,37386.0,37484.0,36263.0,36270.0,101692,5,0
2025-03-31 00:00:00,36176.0,36246.0,35435.0,35980.0,135539,6,0
2025-04-01 00:00:00,35978.0,36049.0,35090.0,35660.0,140702,5,0
2025-04-02 00:00:00,35678.0,36450.0,34777.0,34810.0,135555,5,0
2025-04-03 00:00:00,34813.0,34843.0,33355.0,33583.0,212291,5,0
2025-04-04 00:00:00,33623.0,34317.0,31928.0,32193.0,255755,5,0
2025-04-07 00:00:00,31664.0,33666.0,30346.0,32471.0,286878,5,0
2025-04-08 00:00:00,32525.0,33896.0,31789.0,32096.0,217206,5,0
2025-04-09 00:00:00,32060.0,35109.0,31083.0,34987.0,274098,5,0
2025-04-10 00:00:00,35000.0,35196.0,32439.0,33392.0,223424,5,0
2025-04-11 00:00:00,33395.0,33711.0,32615.0,33682.0,228239,5,0
2025-04-14 00:00:00,34047.0,34476.0,33775.0,34272.0,121919,5,0
2025-04-15 00:00:00,34257.0,34609.0,34145.0,34454.0,97176,5,0
2025-04-16 00:00:00,34357.0,34362.0,33568.0,33777.0,119031,5,0
2025-04-17 00:00:00,33797.0,34714.0,33747.0,34487.0,113437,5,0
2025-04-21 00:00:00,34444.0,34604.0,33831.0,34091.0,84961,5,0
2025-04-22 00:00:00,34059.0,34933.0,33962.0,34784.0,86086,5,0
2025-04-23 00:00:00,35251.0,35473.0,34681.0,35401.0,126221,5,0
2025-04-24 00:00:00,35284.0,35639.0,34763.0,35549.0,92503,5,0
2025-04-25 00:00:00,35584.0,36033.0,35404.0,36016.0,104965,5,0
2025-04-28 00:00:00,35915.0,36077.0,35686.0,35864.0,103267,5,0
2025-04-29 00:00:00,35809.0,36201.0,35809.0,36018.0,89448,5,0
2025-04-30 00:00:00,36010.0,36290.0,35598.0,36235.0,115396,0,0
2025-05-01 00:00:00,36226.0,37046.0,36038.0,36723.0,117510,5,0
2025-05-02 00:00:00,36681.0,37215.0,36623.0,37191.0,116031,5,0
2025-05-05 00:00:00,37162.0,37321.0,36893.0,37114.0,74105,5,0
2025-05-06 00:00:00,37082.0,37182.0,36608.0,36688.0,75612,5,0
2025-05-07 00:00:00,36669.0,37141.0,36565.0,36925.0,90255,5,0
2025-05-08 00:00:00,36883.0,37664.0,36678.0,37455.0,92452,5,0
2025-05-09 00:00:00,37459.0,37654.0,37263.0,37446.0,96773,5,0
2025-05-12 00:00:00,37821.0,38775.0,37428.0,38723.0,109462,5,0
2025-05-13 00:00:00,38723.0,38748.0,38006.0,38297.0,93430,5,0
2025-05-14 00:00:00,38312.0,38377.0,37579.0,37637.0,105513,5,0
2025-05-15 00:00:00,37617.0,37862.0,37568.0,37784.0,65756,5,0
2025-05-16 00:00:00,37762.0,37984.0,37474.0,37799.0,46427,5,0
2025-05-19 00:00:00,37613.0,37751.0,37232.0,37570.0,61620,5,0
2025-05-20 00:00:00,37539.0,37926.0,37387.0,37602.0,48972,5,0
2025-05-21 00:00:00,37573.0,37658.0,36810.0,36837.0,68369,5,0
2025-05-22 00:00:00,36833.0,37200.0,36692.0,37110.0,73451,6,0
2025-05-23 00:00:00,37108.0,37373.0,36448.0,36858.0,92266,5,0
2025-05-26 00:00:00,36868.0,37653.0,36836.0,37586.0,35012,5,0
2025-05-27 00:00:00,37588.0,38373.0,37407.0,38313.0,54724,5,0
2025-05-28 00:00:00,38271.0,38316.0,37647.0,37917.0,72098,5,0
2025-05-29 00:00:00,37881.0,38454.0,37701.0,37893.0,97535,5,0
2025-05-30 00:00:00,37872.0,38107.0,37378.0,37664.0,96205,5,0
2025-06-02 00:00:00,37602.0,37835.0,37267.0,37774.0,73681,5,0
2025-06-03 00:00:00,37744.0,37781.0,37350.0,37714.0,56360,5,0
2025-06-04 00:00:00,37704.0,37865.0,37473.0,37534.0,67581,5,0
2025-06-05 00:00:00,37480.0,37725.0,37300.0,37447.0,81484,5,0
2025-06-06 00:00:00,37443.0,38148.0,37390.0,37995.0,69052,5,0
2025-06-09 00:00:00,37987.0,38328.0,37882.0,38216.0,50223,5,0
2025-06-10 00:00:00,38232.0,38495.0,38118.0,38376.0,67545,5,0
2025-06-11 00:00:00,38361.0,38742.0,38282.0,38378.0,59197,5,0
2025-06-12 00:00:00,38323.0,38404.0,37974.0,38201.0,56020,5,0
2025-06-13 00:00:00,38146.0,38169.0,37491.0,37966.0,86396,5,0
2025-06-16 00:00:00,37807.0,38634.0,37807.0,38584.0,50358,5,0
2025-06-17 00:00:00,38573.0,38640.0,38219.0,38264.0,64714,5,0
2025-06-18 00:00:00,38193.0,38982.0,38145.0,38691.0,67401,5,0
2025-06-19 00:00:00,38689.0,38864.0,38386.0,38415.0,38923,5,0
2025-06-20 00:00:00,38449.0,38679.0,38254.0,38405.0,68128,5,0
2025-06-23 00:00:00,38019.0,38649.0,37946.0,38646.0,69570,6,0
2025-06-24 00:00:00,38615.0,38999.0,38615.0,38777.0,56092,5,0
2025-06-25 00:00:00,38780.0,39164.0,38709.0,38990.0,46296,5,0
2025-06-26 00:00:00,38962.0,39842.0,38958.0,39832.0,45957,5,0
2025-06-27 00:00:00,39798.0,40628.0,39796.0,40560.0,64587,5,0
2025-06-30 00:00:00,40573.0,40852.0,40205.0,40228.0,60897,5,0
2025-07-01 00:00:00,40225.0,40336.0,39555.0,39558.0,68306,5,0
2025-07-02 00:00:00,39513.0,39937.0,39416.0,39721.0,57097,5,0
2025-07-03 00:00:00,39706.0,40107.0,39693.0,40099.0,20983,5,0
2025-07-04 00:00:00,40090.0,40097.0,39589.0,39716.0,20059,5,0
2025-07-07 00:00:00,39697.0,39902.0,39334.0,39344.0,67550,6,0
2025-07-08 00:00:00,39399.0,40035.0,39331.0,39940.0,54778,5,0
2025-07-09 00:00:00,39890.0,39977.0,39558.0,39900.0,44230,5,0
2025-07-10 00:00:00,39898.0,39949.0,39525.0,39723.0,47003,5,0
2025-07-11 00:00:00,39691.0,39946.0,39258.0,39455.0,71840,5,0
2025-07-14 00:00:00,39384.0,39593.0,39184.0,39492.0,52021,6,0
2025-07-15 00:00:00,39455.0,39810.0,39363.0,39592.0,63873,5,0
2025-07-16 00:00:00,39603.0,39907.0,39122.0,39552.0,67553,5,0
2025-07-17 00:00:00,39540.0,40104.0,39343.0,40055.0,48279,5,0
2025-07-18 00:00:00,40056.0,40126.0,39625.0,39701.0,43359,6,0
2025-07-21 00:00:00,39708.0,39969.0,39662.0,39813.0,32903,5,0
2025-07-22 00:00:00,39793.0,40266.0,39445.0,39610.0,55215,5,0
2025-07-23 00:00:00,39602.0,41746.0,39602.0,41706.0,98358,5,0
2025-07-24 00:00:00,41654.0,42081.0,41523.0,41663.0,64784,5,0
2025-07-25 00:00:00,41675.0,41743.0,41278.0,41372.0,52922,5,0
2025-07-28 00:00:00,41590.0,41681.0,40673.0,40818.0,51413,5,0
2025-07-29 00:00:00,40780.0,40957.0,40562.0,40664.0,52204,5,0
2025-07-30 00:00:00,40640.0,40780.0,40486.0,40732.0,51267,5,0
2025-07-31 00:00:00,40706.0,41286.0,40575.0,40795.0,79200,5,0
2025-08-01 00:00:00,40739.0,41009.0,39734.0,39918.0,102679,5,0
2025-08-04 00:00:00,39862.0,40644.0,39745.0,40624.0,56741,5,0
2025-08-05 00:00:00,40643.0,40682.0,40344.0,40520.0,65953,5,0
2025-08-06 00:00:00,40494.0,40906.0,40422.0,40806.0,61041,6,0
2025-08-07 00:00:00,40734.0,41344.0,40592.0,41181.0,75232,5,0
2025-08-08 00:00:00,41170.0,42392.0,41145.0,42287.0,77182,5,0
2025-08-11 00:00:00,42247.0,42495.0,42185.0,42279.0,48220,6,0
2025-08-12 00:00:00,42245.0,43379.0,42195.0,43312.0,81756,5,0
2025-08-13 00:00:00,43271.0,43491.0,43023.0,43106.0,64055,5,0
2025-08-14 00:00:00,43097.0,43205.0,42526.0,42801.0,59787,5,0
2025-08-15 00:00:00,42818.0,43501.0,42736.0,43400.0,57239,5,0
2025-08-18 00:00:00,43431.0,43942.0,43385.0,43789.0,47114,5,0
2025-08-19 00:00:00,43775.0,43888.0,43322.0,43375.0,48925,5,0
2025-08-20 00:00:00,43386.0,43474.0,42572.0,42851.0,67739,5,0
2025-08-21 00:00:00,42836.0,42934.0,42515.0,42663.0,65945,5,0
2025-08-22 00:00:00,42664.0,43118.0,42329.0,42968.0,60459,5,0
2025-08-25 00:00:00,43003.0,43208.0,42525.0,42533.0,43411,3,0
2025-08-26 00:00:00,42535.0,42710.0,42133.0,42541.0,46477,5,0
2025-08-27 00:00:00,42489.0,42626.0,42268.0,42491.0,39068,5,0
2025-08-28 00:00:00,42463.0,43033.0,42261.0,42904.0,48731,5,0
2025-08-29 00:00:00,42919.0,42927.0,42018.0,42091.0,50084,5,0
2025-09-01 00:00:00,42183.0,42454.0,41770.0,42331.0,29343,5,0
2025-09-02 00:00:00,42352.0,42479.0,41696.0,42167.0,80484,5,0
2025-09-03 00:00:00,42163.0,42290.0,41860.0,42118.0,64958,5,0
2025-09-04 00:00:00,42093.0,42910.0,42016.0,42907.0,48001,5,0
2025-09-05 00:00:00,42905.0,43231.0,42578.0,42902.0,73578,5,0
2025-09-08 00:00:00,43115.0,44030.0,43115.0,43959.0,62928,5,0
2025-09-09 00:00:00,43952.0,44189.0,43072.0,43590.0,45278,5,0
2025-09-10 00:00:00,43555.0,44018.0,43455.0,43858.0,35531,5,0
2025-09-11 00:00:00,43818.0,44812.0,43818.0,44768.0,46606,5,0
2025-09-12 00:00:00,44761.0,44919.0,44548.0,44674.0,45161,5,0
2025-09-15 00:00:00,44665.0,44966.0,44617.0,44919.0,13978,6,0
2025-09-16 00:00:00,44900.0,45063.0,44615.0,44774.0,44376,5,0
2025-09-17 00:00:00,44776.0,45036.0,44582.0,44875.0,68300,5,0
2025-09-18 00:00:00,44871.0,45952.0,44813.0,45847.0,61500,5,0
2025-09-19 00:00:00,45835.0,45908.0,44481.0,45289.0,66598,5,0
2025-09-22 00:00:00,45272.0,45773.0,45225.0,45732.0,40371,6,0
2025-09-23 00:00:00,45693.0,45897.0,45498.0,45568.0,40744,5,0
2025-09-24 00:00:00,45574.0,45846.0,45211.0,45663.0,54432,5,0
2025-09-25 00:00:00,45665.0,45824.0,45260.0,45617.0,59485,5,0
2025-09-26 00:00:00,45601.0,45760.0,45170.0,45441.0,52282,5,0
2025-09-29 00:00:00,45085.0,45233.0,44877.0,45070.0,39214,5,0
2025-09-30 00:00:00,45096.0,45135.0,44570.0,44815.0,42901,5,0
2025-10-01 00:00:00,44837.0,44895.0,44321.0,44791.0,47434,5,0
2025-10-02 00:00:00,44797.0,45184.0,44674.0,45001.0,41559,5,0
2025-10-03 00:00:00,45003.0,46172.0,44886.0,46035.0,45486,5,0
2025-10-06 00:00:00,47340.0,48677.0,47272.0,48540.0,72954,5,0
2025-10-07 00:00:00,48535.0,48628.0,47784.0,48015.0,66871,5,0
2025-10-08 00:00:00,48000.0,48195.0,47702.0,48137.0,49373,5,0
2025-10-09 00:00:00,48155.0,48895.0,48048.0,48497.0,63713,5,0
2025-10-10 00:00:00,48500.0,48668.0,45142.0,45187.0,122436,5,0
2025-10-13 00:00:00,46313.0,47020.0,46219.0,46945.0,85517,5,0
2025-10-14 00:00:00,46913.0,47882.0,46451.0,46935.0,137177,5,0
2025-10-15 00:00:00,46889.0,48247.0,46889.0,47997.0,112284,6,0
2025-10-16 00:00:00,47963.0,48493.0,47730.0,47982.0,136898,5,0
2025-10-17 00:00:00,47974.0,48256.0,46978.0,48234.0,152425,5,0
2025-10-20 00:00:00,48307.0,49758.0,48289.0,49606.0,76111,5,0
2025-10-21 00:00:00,49643.0,49974.0,49092.0,49337.0,92336,5,0
2025-10-22 00:00:00,49324.0,49649.0,48409.0,48781.0,121951,5,0
2025-10-23 00:00:00,48735.0,49038.0,48411.0,48996.0,76205,5,0
2025-10-24 00:00:00,48908.0,49635.0,48908.0,49513.0,42924,5,0
2025-10-27 00:00:00,49908.0,50648.0,49908.0,50488.0,44793,5,0
2025-10-28 00:00:00,50483.0,50775.0,50122.0,50635.0,52633,3,0
2025-10-29 00:00:00,50644.0,51524.0,50602.0,51001.0,87046,5,0
2025-10-30 00:00:00,50846.0,51849.0,50846.0,51553.0,137775,5,0
2025-10-31 00:00:00,51529.0,52644.0,51470.0,52244.0,120013,5,0
2025-11-03 00:00:00,52312.0,52613.0,52134.0,52466.0,70332,5,0
2025-11-04 00:00:00,52448.0,52666.0,51096.0,51152.0,131796,5,0
2025-11-05 00:00:00,51178.0,51351.0,49100.0,51187.0,138468,5,0
2025-11-06 00:00:00,51199.0,51278.0,50011.0,50288.0,141240,5,0
2025-11-07 00:00:00,50215.0,50479.0,49496.0,50456.0,173834,5,0
2025-11-10 00:00:00,50737.0,51307.0,50441.0,51292.0,89734,5,0
2025-11-11 00:00:00,51305.0,51521.0,50580.0,51184.0,86316,5,0
2025-11-12 00:00:00,51147.0,51512.0,50560.0,51364.0,82053,5,0
2025-11-13 00:00:00,51368.0,51373.0,49997.0,50063.0,103683,5,0
2025-11-14 00:00:00,50064.0,50739.0,49678.0,50438.0,123587,5,0
2025-11-17 00:00:00,50371.0,50476.0,49473.0,49795.0,113007,5,0
2025-11-18 00:00:00,49772.0,49946.0,48354.0,48642.0,156495,5,0
2025-11-19 00:00:00,48623.0,49833.0,48256.0,49825.0,129674,3,0
2025-11-20 00:00:00,49903.0,50599.0,48328.0,48355.0,153236,1,0
2025-11-21 00:00:00,48283.0,49050.0,48004.0,48680.0,159471,3,0
2025-11-24 00:00:00,48941.0,49617.0,48632.0,49505.0,80968,5,0
2025-11-25 00:00:00,49526.0,49709.0,48238.0,49128.0,90281,5,0
2025-11-26 00:00:00,49159.0,50185.0,48967.0,50116.0,63367,5,0
2025-11-27 00:00:00,50132.0,50330.0,49945.0,50042.0,31475,6,0
2025-11-28 00:00:00,50088.0,50279.0,50009.0,50232.0,22228,6,0
2025-12-01 00:00:00,50285.0,50398.0,49054.0,49464.0,75040,5,0
2025-12-02 00:00:00,49470.0,49729.0,49187.0,49540.0,60515,5,0
2025-12-03 00:00:00,49565.0,50154.0,49279.0,49857.0,58556,5,0
2025-12-04 00:00:00,49866.0,51053.0,49797.0,50608.0,65299,5,0
2025-12-05 00:00:00,50572.0,50839.0,50213.0,50619.0,54356,5,0
2025-12-08 00:00:00,50611.0,50737.0,50171.0,50369.0,56940,6,0
2025-12-09 00:00:00,50395.0,51027.0,50378.0,50765.0,50396,5,0
2025-12-10 00:00:00,50805.0,51098.0,50327.0,50943.0,56218,5,0
2025-12-11 00:00:00,50944.0,51005.0,49934.0,50935.0,71611,5,0
2025-12-12 00:00:00,50841.0,51155.0,49724.0,50180.0,79034,5,0
2025-12-15 00:00:00,50177.0,50393.0,49899.0,50076.0,59576,5,0
2025-12-16 00:00:00,50093.0,50109.0,49380.0,49573.0,79965,5,0
2025-12-17 00:00:00,49589.0,49769.0,48919.0,49134.0,77661,5,0
2025-12-18 00:00:00,49138.0,49567.0,48658.0,49229.0,72839,6,0
2025-12-19 00:00:00,49291.0,50450.0,49284.0,50371.0,60598,6,0
2025-12-22 00:00:00,50432.0,50619.0,50154.0,50361.0,40409,5,0
2025-12-23 00:00:00,50340.0,50713.0,50282.0,50485.0,39254,6,0
2025-12-24 00:00:00,50403.0,50666.0,50235.0,50433.0,26139,6,0
2025-12-26 00:00:00,50435.0,50964.0,50418.0,50711.0,40347,5,0
2025-12-29 00:00:00,50735.0,50845.0,50195.0,50334.0,48667,6,0
2025-12-30 00:00:00,50276.0,50682.0,50193.0,50548.0,35291,5,0
2025-12-31 00:00:00,50454.0,50736.0,50245.0,50350.0,19527,5,0
2026-01-02 00:00:00,50387.0,51306.0,50387.0,51107.0,43944,5,0
2026-01-05 00:00:00,51107.0,52264.0,50744.0,52188.0,69436,5,0
2026-01-06 00:00:00,52183.0,52665.0,51917.0,52092.0,53931,5,0
2026-01-07 00:00:00,52062.0,52419.0,51838.0,51887.0,53734,5,0
2026-01-08 00:00:00,51813.0,51920.0,51043.0,51542.0,76976,5,0
2026-01-09 00:00:00,51491.0,53825.0,51338.0,53527.0,66314,5,0
2026-01-12 00:00:00,53583.0,54164.0,53528.0,54067.0,54155,5,0
2026-01-13 00:00:00,54009.0,54187.0,53476.0,53918.0,66418,5,0
2026-01-14 00:00:00,53937.0,54539.0,53648.0,54000.0,91558,5,0
2026-01-15 00:00:00,53988.0,54475.0,53723.0,54034.0,75580,5,0
2026-01-16 00:00:00,54023.0,54139.0,53558.0,53694.0,55719,5,0
2026-01-19 00:00:00,53459.0,53719.0,53106.0,53497.0,56369,5,0
2026-01-20 00:00:00,53471.0,53533.0,51983.0,52130.0,122104,5,0
2026-01-21 00:00:00,52107.0,53494.0,51833.0,53233.0,119526,5,0
2026-01-22 00:00:00,53268.0,54130.0,53223.0,54021.0,73366,5,0
2026-01-23 00:00:00,53984.0,54059.0,52770.0,52787.0,87157,5,0
2026-01-26 00:00:00,52243.0,53150.0,52156.0,52502.0,88733,5,0
2026-01-27 00:00:00,52503.0,53373.0,52476.0,52793.0,66604,5,0
2026-01-28 00:00:00,52803.0,53854.0,52791.0,53743.0,84719,5,0
2026-01-29 00:00:00,53778.0,54107.0,52608.0,53285.0,104844,5,0
2026-01-30 00:00:00,53143.0,53789.0,52897.0,53431.0,140815,5,0
2026-02-02 00:00:00,53563.0,54261.0,52535.0,53834.0,131698,5,0
2026-02-03 00:00:00,53872.0,54817.0,53499.0,54134.0,119047,6,0
2026-02-04 00:00:00,54129.0,55110.0,53891.0,54675.0,136830,5,0
2026-02-05 00:00:00,54730.0,54730.0,53676.0,53746.0,178764,5,0
2026-02-06 00:00:00,53750.0,56508.0,52953.0,56468.0,136441,5,0
2026-02-09 00:00:00,57594.0,58579.0,56073.0,57273.0,118995,5,0
2026-02-10 00:00:00,57329.0,58475.0,56958.0,57966.0,118669,5,0
2026-02-11 00:00:00,57869.0,58518.0,57738.0,58131.0,99103,5,0
2026-02-12 00:00:00,58145.0,58216.0,56541.0,56961.0,131613,5,0
2026-02-13 00:00:00,56971.0,57703.0,56668.0,57505.0,156288,5,0
2026-02-16 00:00:00,57574.0,57744.0,56700.0,56735.0,63213,5,0
2026-02-17 00:00:00,56759.0,57204.0,56147.0,57011.0,135452,5,0
2026-02-18 00:00:00,57017.0,57755.0,56773.0,57540.0,84311,5,0
2026-02-19 00:00:00,57585.0,57729.0,56768.0,57048.0,107992,5,0
2026-02-20 00:00:00,57036.0,57294.0,56664.0,57102.0,114937,5,0
2026-02-23 00:00:00,57054.0,57184.0,56476.0,56811.0,85550,5,0
2026-02-24 00:00:00,56810.0,58099.0,56667.0,57899.0,83979,5,0
2026-02-25 00:00:00,57951.0,60068.0,57753.0,59987.0,78079,5,0
2026-02-26 00:00:00,59875.0,59875.0,58256.0,58471.0,102293,5,0
2026-02-27 00:00:00,58409.0,59408.0,58233.0,58604.0,157266,5,0
2026-03-02 00:00:00,57761.0,58393.0,57048.0,57506.0,226446,5,0
2026-03-03 00:00:00,57565.0,57874.0,53593.0,55207.0,298149,5,0
2026-03-04 00:00:00,55238.0,56474.0,53623.0,56262.0,266779,5,0
2026-03-05 00:00:00,56256.0,56631.0,53938.0,54262.0,299516,5,0
2026-03-06 00:00:00,54375.0,55781.0,53728.0,54015.0,216699,5,0
2026-03-09 00:00:00,53333.0,54918.0,51175.0,54589.0,108973,6,0
2026-03-10 00:00:00,54549.0,55784.0,53539.0,54824.0,98982,6,0
2026-03-11 00:00:00,54850.0,55743.0,54286.0,54678.0,69066,6,0
2026-03-12 00:00:00,54644.0,54775.0,53498.0,53730.0,79495,7,0
2026-03-13 00:00:00,53737.0,54264.0,52687.0,53159.0,84829,6,0
2026-03-16 00:00:00,52971.0,54584.0,52885.0,54414.0,64791,7,0
2026-03-17 00:00:00,54406.0,54611.0,53458.0,54451.0,51658,6,0
2026-03-18 00:00:00,54436.0,55309.0,53351.0,53486.0,54163,6,0
2026-03-19 00:00:00,53502.0,53930.0,51883.0,53258.0,83673,7,0
2026-03-20 00:00:00,53322.0,53662.0,51107.0,51274.0,68579,6,0
2026-03-23 00:00:00,50795.0,54209.0,50599.0,53255.0,115105,6,0
2026-03-24 00:00:00,53171.0,53596.0,51608.0,53298.0,87859,7,0
2026-03-25 00:00:00,53290.0,54345.0,53259.0,53806.0,68792,7,0
2026-03-26 00:00:00,53800.0,54147.0,52302.0,52633.0,69414,7,0
2026-03-27 00:00:00,52612.0,53663.0,51438.0,51494.0,65261,5,0
2026-03-30 00:00:00,50855.0,52204.0,50372.0,51002.0,80021,7,0
2026-03-31 00:00:00,51065.0,53099.0,50516.0,52892.0,93194,7,0
2026-04-01 00:00:00,52951.0,54605.0,52665.0,54173.0,66937,6,0
2026-04-02 00:00:00,54108.0,54342.0,52112.0,53104.0,81530,7,0
2026-04-03 00:00:00,53076.0,53421.0,52876.0,53196.0,17582,7,0
2026-04-06 00:00:00,53076.0,54083.0,52618.0,53871.0,57054,7,0
2026-04-07 00:00:00,53857.0,54010.0,52752.0,53917.0,79468,7,0
2026-04-08 00:00:00,53958.0,57251.0,53958.0,56936.0,80558,7,0
2026-04-09 00:00:00,56881.0,56943.0,55675.0,56588.0,61361,7,0
2026-04-10 00:00:00,56557.0,57384.0,56389.0,57364.0,46446,7,0
2026-04-13 00:00:00,56019.0,57654.0,55834.0,57594.0,48629,7,0
2026-04-14 00:00:00,57636.0,58791.0,57366.0,58723.0,37989,7,0
2026-04-15 00:00:00,58753.0,58800.0,58047.0,58520.0,37447,7,0
2026-04-16 00:00:00,58474.0,59701.0,58474.0,59294.0,42905,7,0
2026-04-17 00:00:00,59307.0,60015.0,58530.0,59693.0,38845,7,0
2026-04-20 00:00:00,58828.0,59295.0,58610.0,59243.0,44881,6,0
2026-04-21 00:00:00,59251.0,59627.0,58254.0,58794.0,48173,7,0
2026-04-22 00:00:00,58744.0,59853.0,58744.0,59790.0,45042,7,0
2026-04-23 00:00:00,59777.0,60187.0,58285.0,58846.0,68159,6,0
2026-04-24 00:00:00,58868.0,60071.0,58814.0,60059.0,58043,6,0
2026-04-27 00:00:00,59987.0,60904.0,59609.0,60149.0,48841,5,0
2026-04-28 00:00:00,60178.0,60448.0,58843.0,58981.0,60492,7,0
2026-04-29 00:00:00,58941.0,59479.0,58547.0,58597.0,54175,7,0
2026-04-30 00:00:00,58626.0,59828.0,58567.0,59683.0,69721,6,0
2026-05-01 00:00:00,59759.0,59845.0,59040.0,59241.0,36552,6,0
2026-05-04 00:00:00,59582.0,59982.0,59077.0,59442.0,66497,7,0
2026-05-05 00:00:00,59508.0,60697.0,59264.0,60692.0,39567,7,0
2026-05-06 00:00:00,60693.0,62310.0,60615.0,62061.0,61317,6,0
2026-05-07 00:00:00,62040.0,63322.0,61674.0,62067.0,70278,7,0
2026-05-08 00:00:00,61988.0,63810.0,61933.0,63802.0,60295,6,0
2026-05-11 00:00:00,63564.0,63778.0,62308.0,62861.0,55749,7,0
2026-05-12 00:00:00,62845.0,63215.0,61740.0,62467.0,75018,6,0
2026-05-13 00:00:00,62475.0,63455.0,62214.0,63455.0,53855,7,0
2026-05-14 00:00:00,63416.0,63808.0,62505.0,63004.0,59256,7,0
2026-05-15 00:00:00,63025.0,63239.0,60947.0,61785.0,114067,5,0
2026-05-18 00:00:00,61648.0,61830.0,60372.0,61445.0,214825,5,0
2026-05-19 00:00:00,61481.0,61622.0,59936.0,60541.0,167763,5,0
2026-05-20 00:00:00,60591.0,61541.0,59319.0,61221.0,137230,5,0
2026-05-21 00:00:00,61275.0,62333.0,60990.0,62057.0,125787,5,0
2026-05-22 00:00:00,62078.0,63776.0,62039.0,63239.0,92753,5,0
2026-05-25 00:00:00,63741.0,65663.0,63741.0,65475.0,68257,5,0
2026-05-26 00:00:00,65431.0,65653.0,64619.0,65498.0,113946,5,0
2026-05-27 00:00:00,65539.0,66486.0,64756.0,65252.0,119824,5,0
2026-05-28 00:00:00,65225.0,65892.0,63880.0,65773.0,122703,5,0
2026-05-29 00:00:00,65749.0,66644.0,65545.0,66194.0,124078,5,0
2026-06-01 00:00:00,66231.0,67606.0,66044.0,67223.0,100739,5,0
2026-06-02 00:00:00,67272.0,67594.0,65569.0,67492.0,86278,5,0
2026-06-03 00:00:00,67428.0,68778.0,66848.0,68090.0,92353,5,0
2026-06-04 00:00:00,68015.0,68033.0,66919.0,67612.0,111861,5,0
2026-06-05 00:00:00,67622.0,67657.0,63484.0,63834.0,141210,5,0
2026-06-08 00:00:00,63795.0,65900.0,63399.0,65452.0,162893,5,0
2026-06-09 00:00:00,65502.0,66106.0,63099.0,64429.0,189200,5,0
2026-06-10 00:00:00,64378.0,65089.0,63178.0,63271.0,147282,5,0
2026-06-11 00:00:00,63097.0,66657.0,62387.0,66419.0,188767,5,0
2026-06-12 00:00:00,66428.0,67452.0,65880.0,67338.0,231145,5,0
2026-06-15 00:00:00,68223.0,69838.0,68141.0,69695.0,142707,5,0
2026-06-16 00:00:00,69684.0,70075.0,69036.0,69051.0,240465,5,0
2026-06-17 00:00:00,69086.0,70940.0,68804.0,69908.0,223482,5,0
2026-06-18 00:00:00,69869.0,72161.0,69729.0,71911.0,193495,5,0
2026-06-19 00:00:00,71876.0,72265.0,70753.0,71941.0,121840,5,0
