symbol,timeframe,strategy,params,trades,pf,winrate,payoff,netprofit,tier,dataset,mode,real_orders
UK100,M5,SMA_SCALP,"13,34",312,1.32,38.78,2.0836,1069.3,C,C:\Users\MindFin\Desktop\mind-fin-pro-backend-core\mind_trader\data\raw\mt5\MT5_UK100_M5_raw.csv,PAPER_ONLY,FORBIDDEN
JP225,M2,EMA_SCALP,"13,34",286,1.3027,29.37,3.1327,7421.0,C,C:\Users\MindFin\Desktop\mind-fin-pro-backend-core\mind_trader\data\raw\mt5\MT5_JP225_M2_raw.csv,PAPER_ONLY,FORBIDDEN
JP225,M2,EMA_SCALP,"8,21",466,1.2355,29.4,2.9669,7364.0,C,C:\Users\MindFin\Desktop\mind-fin-pro-backend-core\mind_trader\data\raw\mt5\MT5_JP225_M2_raw.csv,PAPER_ONLY,FORBIDDEN
UK100,M5,EMA_SCALP,"13,34",273,1.2317,28.21,3.1354,682.1,C,C:\Users\MindFin\Desktop\mind-fin-pro-backend-core\mind_trader\data\raw\mt5\MT5_UK100_M5_raw.csv,PAPER_ONLY,FORBIDDEN
GER40,M2,EMA_SCALP,"9,21",436,1.2304,33.49,2.4271,1381.7,C,C:\Users\MindFin\Desktop\mind-fin-pro-backend-core\mind_trader\data\raw\mt5\MT5_GER40_M2_raw.csv,PAPER_ONLY,FORBIDDEN
JP225,M2,EMA_SCALP,"9,21",450,1.2251,28.89,3.0063,6944.0,C,C:\Users\MindFin\Desktop\mind-fin-pro-backend-core\mind_trader\data\raw\mt5\MT5_JP225_M2_raw.csv,PAPER_ONLY,FORBIDDEN
GER40,M2,SMA_SCALP,"13,34",324,1.219,44.75,1.488,1168.8,C,C:\Users\MindFin\Desktop\mind-fin-pro-backend-core\mind_trader\data\raw\mt5\MT5_GER40_M2_raw.csv,PAPER_ONLY,FORBIDDEN
US100,M5,SMA_SCALP,"13,34",325,1.1953,38.77,1.8878,2174.6,C,C:\Users\MindFin\Desktop\mind-fin-pro-backend-core\mind_trader\data\raw\mt5\MT5_US100_M5_raw.csv,PAPER_ONLY,FORBIDDEN
JP225,M5,EMA_SCALP,"5,13",762,1.1856,28.08,3.0082,9886.0,C,C:\Users\MindFin\Desktop\mind-fin-pro-backend-core\mind_trader\data\raw\mt5\MT5_JP225_M5_raw.csv,PAPER_ONLY,FORBIDDEN
US500,M2,EMA_SCALP,"9,21",429,1.1742,29.14,2.8463,262.0,C,C:\Users\MindFin\Desktop\mind-fin-pro-backend-core\mind_trader\data\raw\mt5\MT5_US500_M2_raw.csv,PAPER_ONLY,FORBIDDEN
EURUSD,M2,EMA_SCALP,"9,21",461,1.1741,27.55,3.0416,0.0153,C,C:\Users\MindFin\Desktop\mind-fin-pro-backend-core\mind_trader\data\raw\mt5\MT5_EURUSD_M2_raw.csv,PAPER_ONLY,FORBIDDEN
GER40,M2,EMA_SCALP,"8,21",472,1.1718,31.99,2.4523,1111.7,C,C:\Users\MindFin\Desktop\mind-fin-pro-backend-core\mind_trader\data\raw\mt5\MT5_GER40_M2_raw.csv,PAPER_ONLY,FORBIDDEN
UK100,M5,EMA_SCALP,"9,21",423,1.1702,31.21,2.5797,665.3,C,C:\Users\MindFin\Desktop\mind-fin-pro-backend-core\mind_trader\data\raw\mt5\MT5_UK100_M5_raw.csv,PAPER_ONLY,FORBIDDEN
JP225,M2,EMA_SCALP,"5,13",744,1.1659,30.38,2.6517,6479.0,C,C:\Users\MindFin\Desktop\mind-fin-pro-backend-core\mind_trader\data\raw\mt5\MT5_JP225_M2_raw.csv,PAPER_ONLY,FORBIDDEN
US500,M2,EMA_SCALP,"8,21",449,1.1654,29.84,2.7308,256.2,C,C:\Users\MindFin\Desktop\mind-fin-pro-backend-core\mind_trader\data\raw\mt5\MT5_US500_M2_raw.csv,PAPER_ONLY,FORBIDDEN
USDJPY,M2,SMA_SCALP,"13,34",343,1.1619,34.4,2.1269,1.04,C,C:\Users\MindFin\Desktop\mind-fin-pro-backend-core\mind_trader\data\raw\mt5\MT5_USDJPY_M2_raw.csv,PAPER_ONLY,FORBIDDEN
JP225,M2,SMA_SCALP,"5,13",841,1.161,36.62,1.9903,6910.0,C,C:\Users\MindFin\Desktop\mind-fin-pro-backend-core\mind_trader\data\raw\mt5\MT5_JP225_M2_raw.csv,PAPER_ONLY,FORBIDDEN
GER40,M2,SMA_SCALP,"8,21",530,1.1568,37.36,1.9164,1091.0,C,C:\Users\MindFin\Desktop\mind-fin-pro-backend-core\mind_trader\data\raw\mt5\MT5_GER40_M2_raw.csv,PAPER_ONLY,FORBIDDEN
USDJPY,M2,SMA_SCALP,"9,21",553,1.1463,37.25,1.8753,1.267,D,C:\Users\MindFin\Desktop\mind-fin-pro-backend-core\mind_trader\data\raw\mt5\MT5_USDJPY_M2_raw.csv,PAPER_ONLY,FORBIDDEN
GBPUSD,M2,EMA_SCALP,"9,21",441,1.1401,28.57,2.8412,0.0165,D,C:\Users\MindFin\Desktop\mind-fin-pro-backend-core\mind_trader\data\raw\mt5\MT5_GBPUSD_M2_raw.csv,PAPER_ONLY,FORBIDDEN
GER40,M2,EMA_SCALP,"13,34",266,1.1394,31.95,2.3995,700.7,D,C:\Users\MindFin\Desktop\mind-fin-pro-backend-core\mind_trader\data\raw\mt5\MT5_GER40_M2_raw.csv,PAPER_ONLY,FORBIDDEN
GER40,M2,SMA_SCALP,"9,21",524,1.1342,37.79,1.8503,949.1,D,C:\Users\MindFin\Desktop\mind-fin-pro-backend-core\mind_trader\data\raw\mt5\MT5_GER40_M2_raw.csv,PAPER_ONLY,FORBIDDEN
EURUSD,M2,EMA_SCALP,"8,21",499,1.1292,27.05,3.0278,0.0119,D,C:\Users\MindFin\Desktop\mind-fin-pro-backend-core\mind_trader\data\raw\mt5\MT5_EURUSD_M2_raw.csv,PAPER_ONLY,FORBIDDEN
USDCHF,M2,EMA_SCALP,"9,21",432,1.1268,32.87,2.2933,0.01003,D,C:\Users\MindFin\Desktop\mind-fin-pro-backend-core\mind_trader\data\raw\mt5\MT5_USDCHF_M2_raw.csv,PAPER_ONLY,FORBIDDEN
UK100,M5,EMA_SCALP,"8,21",447,1.1258,31.1,2.4947,513.1,D,C:\Users\MindFin\Desktop\mind-fin-pro-backend-core\mind_trader\data\raw\mt5\MT5_UK100_M5_raw.csv,PAPER_ONLY,FORBIDDEN
JP225,M2,SMA_SCALP,"9,21",520,1.1192,37.88,1.8237,4253.0,D,C:\Users\MindFin\Desktop\mind-fin-pro-backend-core\mind_trader\data\raw\mt5\MT5_JP225_M2_raw.csv,PAPER_ONLY,FORBIDDEN
US500,M2,SMA_SCALP,"13,34",315,1.1187,39.05,1.7099,165.3,D,C:\Users\MindFin\Desktop\mind-fin-pro-backend-core\mind_trader\data\raw\mt5\MT5_US500_M2_raw.csv,PAPER_ONLY,FORBIDDEN
JP225,M5,EMA_SCALP,"13,34",292,1.1181,30.14,2.592,4374.0,D,C:\Users\MindFin\Desktop\mind-fin-pro-backend-core\mind_trader\data\raw\mt5\MT5_JP225_M5_raw.csv,PAPER_ONLY,FORBIDDEN
UK100,M2,EMA_SCALP,"13,34",300,1.1091,26.67,3.0361,196.0,D,C:\Users\MindFin\Desktop\mind-fin-pro-backend-core\mind_trader\data\raw\mt5\MT5_UK100_M2_raw.csv,PAPER_ONLY,FORBIDDEN
GBPUSD,M2,EMA_SCALP,"8,21",473,1.1087,28.12,2.8176,0.01358,D,C:\Users\MindFin\Desktop\mind-fin-pro-backend-core\mind_trader\data\raw\mt5\MT5_GBPUSD_M2_raw.csv,PAPER_ONLY,FORBIDDEN
JP225,M5,EMA_SCALP,"9,21",456,1.1059,28.29,2.7947,4680.0,D,C:\Users\MindFin\Desktop\mind-fin-pro-backend-core\mind_trader\data\raw\mt5\MT5_JP225_M5_raw.csv,PAPER_ONLY,FORBIDDEN
US100,M5,EMA_SCALP,"13,34",283,1.1024,29.33,2.6564,1160.7,D,C:\Users\MindFin\Desktop\mind-fin-pro-backend-core\mind_trader\data\raw\mt5\MT5_US100_M5_raw.csv,PAPER_ONLY,FORBIDDEN
US100,M2,SMA_SCALP,"13,34",326,1.1009,38.96,1.725,989.1,D,C:\Users\MindFin\Desktop\mind-fin-pro-backend-core\mind_trader\data\raw\mt5\MT5_US100_M2_raw.csv,PAPER_ONLY,FORBIDDEN
JP225,M5,SMA_SCALP,"9,21",520,1.09,36.35,1.9032,4440.0,D,C:\Users\MindFin\Desktop\mind-fin-pro-backend-core\mind_trader\data\raw\mt5\MT5_JP225_M5_raw.csv,PAPER_ONLY,FORBIDDEN
USDJPY,M2,SMA_SCALP,"8,21",555,1.0885,36.04,1.8831,0.794,D,C:\Users\MindFin\Desktop\mind-fin-pro-backend-core\mind_trader\data\raw\mt5\MT5_USDJPY_M2_raw.csv,PAPER_ONLY,FORBIDDEN
USDCHF,M2,EMA_SCALP,"8,21",462,1.088,31.17,2.3801,0.00735,D,C:\Users\MindFin\Desktop\mind-fin-pro-backend-core\mind_trader\data\raw\mt5\MT5_USDCHF_M2_raw.csv,PAPER_ONLY,FORBIDDEN
UK100,M2,EMA_SCALP,"9,21",452,1.0856,27.43,2.8716,185.7,D,C:\Users\MindFin\Desktop\mind-fin-pro-backend-core\mind_trader\data\raw\mt5\MT5_UK100_M2_raw.csv,PAPER_ONLY,FORBIDDEN
XAUUSD,M2,SMA_SCALP,"5,13",874,1.0843,36.38,1.8958,199.92,D,C:\Users\MindFin\Desktop\mind-fin-pro-backend-core\mind_trader\data\raw\mt5\MT5_XAUUSD_M2_raw.csv,PAPER_ONLY,FORBIDDEN
XAUUSD,M5,EMA_SCALP,"9,21",434,1.0838,29.03,2.6493,200.35,D,C:\Users\MindFin\Desktop\mind-fin-pro-backend-core\mind_trader\data\raw\mt5\MT5_XAUUSD_M5_raw.csv,PAPER_ONLY,FORBIDDEN
EURUSD,M2,EMA_SCALP,"13,34",311,1.081,25.4,3.1471,0.006,D,C:\Users\MindFin\Desktop\mind-fin-pro-backend-core\mind_trader\data\raw\mt5\MT5_EURUSD_M2_raw.csv,PAPER_ONLY,FORBIDDEN
JP225,M2,SMA_SCALP,"8,21",518,1.0795,37.07,1.8161,2931.0,D,C:\Users\MindFin\Desktop\mind-fin-pro-backend-core\mind_trader\data\raw\mt5\MT5_JP225_M2_raw.csv,PAPER_ONLY,FORBIDDEN
JP225,M5,SMA_SCALP,"8,21",540,1.079,34.81,2.0203,3934.0,D,C:\Users\MindFin\Desktop\mind-fin-pro-backend-core\mind_trader\data\raw\mt5\MT5_JP225_M5_raw.csv,PAPER_ONLY,FORBIDDEN
JP225,M2,SMA_SCALP,"13,34",332,1.0772,38.25,1.7304,2404.0,D,C:\Users\MindFin\Desktop\mind-fin-pro-backend-core\mind_trader\data\raw\mt5\MT5_JP225_M2_raw.csv,PAPER_ONLY,FORBIDDEN
UK100,M5,SMA_SCALP,"8,21",529,1.0762,36.48,1.8681,372.8,D,C:\Users\MindFin\Desktop\mind-fin-pro-backend-core\mind_trader\data\raw\mt5\MT5_UK100_M5_raw.csv,PAPER_ONLY,FORBIDDEN
XAUUSD,M2,SMA_SCALP,"8,21",560,1.0752,39.11,1.6742,141.14,D,C:\Users\MindFin\Desktop\mind-fin-pro-backend-core\mind_trader\data\raw\mt5\MT5_XAUUSD_M2_raw.csv,PAPER_ONLY,FORBIDDEN
JP225,M5,EMA_SCALP,"8,21",470,1.0751,27.66,2.8036,3402.0,D,C:\Users\MindFin\Desktop\mind-fin-pro-backend-core\mind_trader\data\raw\mt5\MT5_JP225_M5_raw.csv,PAPER_ONLY,FORBIDDEN
GER40,M2,EMA_SCALP,"5,13",754,1.0738,29.97,2.4849,602.0,D,C:\Users\MindFin\Desktop\mind-fin-pro-backend-core\mind_trader\data\raw\mt5\MT5_GER40_M2_raw.csv,PAPER_ONLY,FORBIDDEN
GER40,M5,SMA_SCALP,"9,21",552,1.0725,38.41,1.7201,888.3,D,C:\Users\MindFin\Desktop\mind-fin-pro-backend-core\mind_trader\data\raw\mt5\MT5_GER40_M5_raw.csv,PAPER_ONLY,FORBIDDEN
UK100,M5,SMA_SCALP,"9,21",519,1.0705,35.07,1.9762,338.0,D,C:\Users\MindFin\Desktop\mind-fin-pro-backend-core\mind_trader\data\raw\mt5\MT5_UK100_M5_raw.csv,PAPER_ONLY,FORBIDDEN
US100,M5,SMA_SCALP,"8,21",521,1.06,36.08,1.8719,961.4,D,C:\Users\MindFin\Desktop\mind-fin-pro-backend-core\mind_trader\data\raw\mt5\MT5_US100_M5_raw.csv,PAPER_ONLY,FORBIDDEN
JP225,M5,SMA_SCALP,"13,34",336,1.0596,33.33,2.1193,2400.0,D,C:\Users\MindFin\Desktop\mind-fin-pro-backend-core\mind_trader\data\raw\mt5\MT5_JP225_M5_raw.csv,PAPER_ONLY,FORBIDDEN
US500,M2,EMA_SCALP,"13,34",280,1.059,29.29,2.557,78.2,D,C:\Users\MindFin\Desktop\mind-fin-pro-backend-core\mind_trader\data\raw\mt5\MT5_US500_M2_raw.csv,PAPER_ONLY,FORBIDDEN
XAUUSD,M5,SMA_SCALP,"13,34",329,1.0583,37.99,1.7272,131.02,D,C:\Users\MindFin\Desktop\mind-fin-pro-backend-core\mind_trader\data\raw\mt5\MT5_XAUUSD_M5_raw.csv,PAPER_ONLY,FORBIDDEN
UK100,M2,EMA_SCALP,"8,21",474,1.0537,27.22,2.8181,121.5,D,C:\Users\MindFin\Desktop\mind-fin-pro-backend-core\mind_trader\data\raw\mt5\MT5_UK100_M2_raw.csv,PAPER_ONLY,FORBIDDEN
US100,M5,SMA_SCALP,"9,21",499,1.0536,37.47,1.7579,841.3,D,C:\Users\MindFin\Desktop\mind-fin-pro-backend-core\mind_trader\data\raw\mt5\MT5_US100_M5_raw.csv,PAPER_ONLY,FORBIDDEN
EURUSD,M2,EMA_SCALP,"5,13",773,1.0516,28.2,2.6289,0.00609,D,C:\Users\MindFin\Desktop\mind-fin-pro-backend-core\mind_trader\data\raw\mt5\MT5_EURUSD_M2_raw.csv,PAPER_ONLY,FORBIDDEN
US100,M2,SMA_SCALP,"8,21",503,1.0493,39.96,1.5714,555.3,D,C:\Users\MindFin\Desktop\mind-fin-pro-backend-core\mind_trader\data\raw\mt5\MT5_US100_M2_raw.csv,PAPER_ONLY,FORBIDDEN
GER40,M5,SMA_SCALP,"5,13",812,1.0491,34.98,1.943,731.5,D,C:\Users\MindFin\Desktop\mind-fin-pro-backend-core\mind_trader\data\raw\mt5\MT5_GER40_M5_raw.csv,PAPER_ONLY,FORBIDDEN
XAUUSD,M5,SMA_SCALP,"9,21",516,1.0462,38.57,1.6665,135.0,D,C:\Users\MindFin\Desktop\mind-fin-pro-backend-core\mind_trader\data\raw\mt5\MT5_XAUUSD_M5_raw.csv,PAPER_ONLY,FORBIDDEN
GER40,M5,SMA_SCALP,"8,21",558,1.0445,36.74,1.7935,558.9,D,C:\Users\MindFin\Desktop\mind-fin-pro-backend-core\mind_trader\data\raw\mt5\MT5_GER40_M5_raw.csv,PAPER_ONLY,FORBIDDEN
XAUUSD,M5,EMA_SCALP,"8,21",468,1.0439,29.27,2.5222,112.07,D,C:\Users\MindFin\Desktop\mind-fin-pro-backend-core\mind_trader\data\raw\mt5\MT5_XAUUSD_M5_raw.csv,PAPER_ONLY,FORBIDDEN
US100,M5,EMA_SCALP,"5,13",752,1.0414,28.19,2.6527,773.5,D,C:\Users\MindFin\Desktop\mind-fin-pro-backend-core\mind_trader\data\raw\mt5\MT5_US100_M5_raw.csv,PAPER_ONLY,FORBIDDEN
GBPUSD,M5,SMA_SCALP,"13,34",336,1.0411,32.44,2.149,0.00701,D,C:\Users\MindFin\Desktop\mind-fin-pro-backend-core\mind_trader\data\raw\mt5\MT5_GBPUSD_M5_raw.csv,PAPER_ONLY,FORBIDDEN
JP225,M5,SMA_SCALP,"5,13",856,1.0394,35.63,1.8504,2482.0,D,C:\Users\MindFin\Desktop\mind-fin-pro-backend-core\mind_trader\data\raw\mt5\MT5_JP225_M5_raw.csv,PAPER_ONLY,FORBIDDEN
GER40,M5,EMA_SCALP,"8,21",474,1.0388,27.85,2.6835,422.8,D,C:\Users\MindFin\Desktop\mind-fin-pro-backend-core\mind_trader\data\raw\mt5\MT5_GER40_M5_raw.csv,PAPER_ONLY,FORBIDDEN
UK100,M2,SMA_SCALP,"5,13",857,1.0362,34.89,1.9027,110.4,D,C:\Users\MindFin\Desktop\mind-fin-pro-backend-core\mind_trader\data\raw\mt5\MT5_UK100_M2_raw.csv,PAPER_ONLY,FORBIDDEN
GBPUSD,M5,SMA_SCALP,"5,13",878,1.0322,36.45,1.7773,0.00911,D,C:\Users\MindFin\Desktop\mind-fin-pro-backend-core\mind_trader\data\raw\mt5\MT5_GBPUSD_M5_raw.csv,PAPER_ONLY,FORBIDDEN
GER40,M5,EMA_SCALP,"5,13",752,1.0306,26.86,2.8009,416.1,D,C:\Users\MindFin\Desktop\mind-fin-pro-backend-core\mind_trader\data\raw\mt5\MT5_GER40_M5_raw.csv,PAPER_ONLY,FORBIDDEN
EURUSD,M2,SMA_SCALP,"13,34",352,1.0292,34.09,1.964,0.00255,D,C:\Users\MindFin\Desktop\mind-fin-pro-backend-core\mind_trader\data\raw\mt5\MT5_EURUSD_M2_raw.csv,PAPER_ONLY,FORBIDDEN
XAUUSD,M2,EMA_SCALP,"8,21",497,1.0288,29.78,2.4259,50.63,D,C:\Users\MindFin\Desktop\mind-fin-pro-backend-core\mind_trader\data\raw\mt5\MT5_XAUUSD_M2_raw.csv,PAPER_ONLY,FORBIDDEN
XAUUSD,M2,EMA_SCALP,"9,21",481,1.0251,28.9,2.5222,43.49,D,C:\Users\MindFin\Desktop\mind-fin-pro-backend-core\mind_trader\data\raw\mt5\MT5_XAUUSD_M2_raw.csv,PAPER_ONLY,FORBIDDEN
NZDUSD,M2,EMA_SCALP,"13,34",289,1.0227,30.8,2.2982,0.00149,D,C:\Users\MindFin\Desktop\mind-fin-pro-backend-core\mind_trader\data\raw\mt5\MT5_NZDUSD_M2_raw.csv,PAPER_ONLY,FORBIDDEN
GBPUSD,M2,EMA_SCALP,"13,34",283,1.0191,30.04,2.3738,0.00195,D,C:\Users\MindFin\Desktop\mind-fin-pro-backend-core\mind_trader\data\raw\mt5\MT5_GBPUSD_M2_raw.csv,PAPER_ONLY,FORBIDDEN
XAUUSD,M2,SMA_SCALP,"9,21",542,1.0178,38.01,1.66,34.3,D,C:\Users\MindFin\Desktop\mind-fin-pro-backend-core\mind_trader\data\raw\mt5\MT5_XAUUSD_M2_raw.csv,PAPER_ONLY,FORBIDDEN
UK100,M5,EMA_SCALP,"5,13",743,1.0165,28.53,2.5318,93.5,D,C:\Users\MindFin\Desktop\mind-fin-pro-backend-core\mind_trader\data\raw\mt5\MT5_UK100_M5_raw.csv,PAPER_ONLY,FORBIDDEN
NZDUSD,M2,SMA_SCALP,"13,34",332,1.0133,38.86,1.5788,0.00099,D,C:\Users\MindFin\Desktop\mind-fin-pro-backend-core\mind_trader\data\raw\mt5\MT5_NZDUSD_M2_raw.csv,PAPER_ONLY,FORBIDDEN
XAUUSD,M2,EMA_SCALP,"13,34",313,1.0101,26.52,2.7989,14.85,D,C:\Users\MindFin\Desktop\mind-fin-pro-backend-core\mind_trader\data\raw\mt5\MT5_XAUUSD_M2_raw.csv,PAPER_ONLY,FORBIDDEN
US100,M2,EMA_SCALP,"5,13",779,1.009,25.8,2.9014,121.7,D,C:\Users\MindFin\Desktop\mind-fin-pro-backend-core\mind_trader\data\raw\mt5\MT5_US100_M2_raw.csv,PAPER_ONLY,FORBIDDEN
US100,M2,EMA_SCALP,"13,34",295,1.0027,26.44,2.7894,24.7,D,C:\Users\MindFin\Desktop\mind-fin-pro-backend-core\mind_trader\data\raw\mt5\MT5_US100_M2_raw.csv,PAPER_ONLY,FORBIDDEN
NZDUSD,M5,SMA_SCALP,"13,34",331,1.0018,36.25,1.7365,0.00022,D,C:\Users\MindFin\Desktop\mind-fin-pro-backend-core\mind_trader\data\raw\mt5\MT5_NZDUSD_M5_raw.csv,PAPER_ONLY,FORBIDDEN
USDJPY,M2,EMA_SCALP,"8,21",478,0.9977,27.41,2.6351,-0.019,D,C:\Users\MindFin\Desktop\mind-fin-pro-backend-core\mind_trader\data\raw\mt5\MT5_USDJPY_M2_raw.csv,PAPER_ONLY,FORBIDDEN
US100,M5,SMA_SCALP,"5,13",848,0.9975,35.97,1.7726,-52.7,D,C:\Users\MindFin\Desktop\mind-fin-pro-backend-core\mind_trader\data\raw\mt5\MT5_US100_M5_raw.csv,PAPER_ONLY,FORBIDDEN
GER40,M5,EMA_SCALP,"9,21",452,0.9974,28.32,2.5247,-29.0,D,C:\Users\MindFin\Desktop\mind-fin-pro-backend-core\mind_trader\data\raw\mt5\MT5_GER40_M5_raw.csv,PAPER_ONLY,FORBIDDEN
US100,M2,SMA_SCALP,"9,21",495,0.9953,36.57,1.7211,-55.2,D,C:\Users\MindFin\Desktop\mind-fin-pro-backend-core\mind_trader\data\raw\mt5\MT5_US100_M2_raw.csv,PAPER_ONLY,FORBIDDEN
USDCHF,M2,EMA_SCALP,"13,34",256,0.9935,31.25,2.136,-0.00042,D,C:\Users\MindFin\Desktop\mind-fin-pro-backend-core\mind_trader\data\raw\mt5\MT5_USDCHF_M2_raw.csv,PAPER_ONLY,FORBIDDEN
US500,M2,SMA_SCALP,"9,21",513,0.9914,35.87,1.7457,-16.2,D,C:\Users\MindFin\Desktop\mind-fin-pro-backend-core\mind_trader\data\raw\mt5\MT5_US500_M2_raw.csv,PAPER_ONLY,FORBIDDEN
EURUSD,M2,SMA_SCALP,"5,13",907,0.9891,34.73,1.7929,-0.00153,D,C:\Users\MindFin\Desktop\mind-fin-pro-backend-core\mind_trader\data\raw\mt5\MT5_EURUSD_M2_raw.csv,PAPER_ONLY,FORBIDDEN
US100,M2,EMA_SCALP,"9,21",469,0.9885,26.23,2.7805,-130.6,D,C:\Users\MindFin\Desktop\mind-fin-pro-backend-core\mind_trader\data\raw\mt5\MT5_US100_M2_raw.csv,PAPER_ONLY,FORBIDDEN
XAUUSD,M2,SMA_SCALP,"13,34",340,0.9873,37.06,1.669,-20.48,D,C:\Users\MindFin\Desktop\mind-fin-pro-backend-core\mind_trader\data\raw\mt5\MT5_XAUUSD_M2_raw.csv,PAPER_ONLY,FORBIDDEN
USDCHF,M2,SMA_SCALP,"13,34",340,0.9827,35.0,1.7837,-0.00132,D,C:\Users\MindFin\Desktop\mind-fin-pro-backend-core\mind_trader\data\raw\mt5\MT5_USDCHF_M2_raw.csv,PAPER_ONLY,FORBIDDEN
US100,M2,EMA_SCALP,"8,21",489,0.9808,26.58,2.7084,-218.6,D,C:\Users\MindFin\Desktop\mind-fin-pro-backend-core\mind_trader\data\raw\mt5\MT5_US100_M2_raw.csv,PAPER_ONLY,FORBIDDEN
GBPUSD,M2,SMA_SCALP,"13,34",343,0.9802,31.78,2.0772,-0.00227,D,C:\Users\MindFin\Desktop\mind-fin-pro-backend-core\mind_trader\data\raw\mt5\MT5_GBPUSD_M2_raw.csv,PAPER_ONLY,FORBIDDEN
GBPUSD,M5,EMA_SCALP,"9,21",454,0.9778,26.43,2.7054,-0.00436,D,C:\Users\MindFin\Desktop\mind-fin-pro-backend-core\mind_trader\data\raw\mt5\MT5_GBPUSD_M5_raw.csv,PAPER_ONLY,FORBIDDEN
NZDUSD,M2,EMA_SCALP,"8,21",457,0.9768,28.67,2.4233,-0.00201,D,C:\Users\MindFin\Desktop\mind-fin-pro-backend-core\mind_trader\data\raw\mt5\MT5_NZDUSD_M2_raw.csv,PAPER_ONLY,FORBIDDEN
XAUUSD,M5,SMA_SCALP,"8,21",528,0.9738,33.71,1.9147,-79.78,D,C:\Users\MindFin\Desktop\mind-fin-pro-backend-core\mind_trader\data\raw\mt5\MT5_XAUUSD_M5_raw.csv,PAPER_ONLY,FORBIDDEN
US500,M5,EMA_SCALP,"5,13",758,0.9699,28.36,2.4315,-89.2,D,C:\Users\MindFin\Desktop\mind-fin-pro-backend-core\mind_trader\data\raw\mt5\MT5_US500_M5_raw.csv,PAPER_ONLY,FORBIDDEN
EURUSD,M2,SMA_SCALP,"9,21",531,0.9662,35.22,1.7568,-0.00373,D,C:\Users\MindFin\Desktop\mind-fin-pro-backend-core\mind_trader\data\raw\mt5\MT5_EURUSD_M2_raw.csv,PAPER_ONLY,FORBIDDEN
UK100,M2,EMA_SCALP,"5,13",777,0.9645,26.38,2.6817,-104.5,D,C:\Users\MindFin\Desktop\mind-fin-pro-backend-core\mind_trader\data\raw\mt5\MT5_UK100_M2_raw.csv,PAPER_ONLY,FORBIDDEN
USDJPY,M2,EMA_SCALP,"9,21",458,0.9636,27.51,2.5391,-0.301,D,C:\Users\MindFin\Desktop\mind-fin-pro-backend-core\mind_trader\data\raw\mt5\MT5_USDJPY_M2_raw.csv,PAPER_ONLY,FORBIDDEN
USDCAD,M2,SMA_SCALP,"5,13",859,0.9635,34.92,1.7697,-0.00474,D,C:\Users\MindFin\Desktop\mind-fin-pro-backend-core\mind_trader\data\raw\mt5\MT5_USDCAD_M2_raw.csv,PAPER_ONLY,FORBIDDEN
GBPUSD,M5,EMA_SCALP,"8,21",500,0.9631,25.0,2.8815,-0.00756,D,C:\Users\MindFin\Desktop\mind-fin-pro-backend-core\mind_trader\data\raw\mt5\MT5_GBPUSD_M5_raw.csv,PAPER_ONLY,FORBIDDEN
NZDUSD,M2,EMA_SCALP,"9,21",453,0.9608,28.48,2.4056,-0.00341,D,C:\Users\MindFin\Desktop\mind-fin-pro-backend-core\mind_trader\data\raw\mt5\MT5_NZDUSD_M2_raw.csv,PAPER_ONLY,FORBIDDEN
USDCAD,M2,EMA_SCALP,"5,13",745,0.9587,29.26,2.2736,-0.00485,D,C:\Users\MindFin\Desktop\mind-fin-pro-backend-core\mind_trader\data\raw\mt5\MT5_USDCAD_M2_raw.csv,PAPER_ONLY,FORBIDDEN
USDCHF,M2,SMA_SCALP,"5,13",850,0.9578,35.18,1.7267,-0.00535,D,C:\Users\MindFin\Desktop\mind-fin-pro-backend-core\mind_trader\data\raw\mt5\MT5_USDCHF_M2_raw.csv,PAPER_ONLY,FORBIDDEN
GBPUSD,M2,SMA_SCALP,"9,21",553,0.9578,34.9,1.7469,-0.00612,D,C:\Users\MindFin\Desktop\mind-fin-pro-backend-core\mind_trader\data\raw\mt5\MT5_GBPUSD_M2_raw.csv,PAPER_ONLY,FORBIDDEN
UK100,M2,SMA_SCALP,"13,34",334,0.9556,32.63,1.955,-95.5,D,C:\Users\MindFin\Desktop\mind-fin-pro-backend-core\mind_trader\data\raw\mt5\MT5_UK100_M2_raw.csv,PAPER_ONLY,FORBIDDEN
XAUUSD,M5,EMA_SCALP,"5,13",796,0.953,28.27,2.4184,-170.17,D,C:\Users\MindFin\Desktop\mind-fin-pro-backend-core\mind_trader\data\raw\mt5\MT5_XAUUSD_M5_raw.csv,PAPER_ONLY,FORBIDDEN
UK100,M2,SMA_SCALP,"8,21",551,0.9525,32.49,1.9635,-126.5,D,C:\Users\MindFin\Desktop\mind-fin-pro-backend-core\mind_trader\data\raw\mt5\MT5_UK100_M2_raw.csv,PAPER_ONLY,FORBIDDEN
US500,M5,SMA_SCALP,"5,13",876,0.9508,34.82,1.7581,-166.9,D,C:\Users\MindFin\Desktop\mind-fin-pro-backend-core\mind_trader\data\raw\mt5\MT5_US500_M5_raw.csv,PAPER_ONLY,FORBIDDEN
NZDUSD,M2,SMA_SCALP,"5,13",815,0.9494,36.81,1.595,-0.00586,D,C:\Users\MindFin\Desktop\mind-fin-pro-backend-core\mind_trader\data\raw\mt5\MT5_NZDUSD_M2_raw.csv,PAPER_ONLY,FORBIDDEN
AUDUSD,M5,EMA_SCALP,"5,13",755,0.9485,29.4,2.2729,-0.00934,D,C:\Users\MindFin\Desktop\mind-fin-pro-backend-core\mind_trader\data\raw\mt5\MT5_AUDUSD_M5_raw.csv,PAPER_ONLY,FORBIDDEN
XAUUSD,M5,EMA_SCALP,"13,34",289,0.9478,28.03,2.4337,-111.14,D,C:\Users\MindFin\Desktop\mind-fin-pro-backend-core\mind_trader\data\raw\mt5\MT5_XAUUSD_M5_raw.csv,PAPER_ONLY,FORBIDDEN
GER40,M5,EMA_SCALP,"13,34",316,0.9372,25.63,2.7192,-603.3,D,C:\Users\MindFin\Desktop\mind-fin-pro-backend-core\mind_trader\data\raw\mt5\MT5_GER40_M5_raw.csv,PAPER_ONLY,FORBIDDEN
UK100,M5,SMA_SCALP,"5,13",863,0.9366,37.43,1.5484,-415.2,D,C:\Users\MindFin\Desktop\mind-fin-pro-backend-core\mind_trader\data\raw\mt5\MT5_UK100_M5_raw.csv,PAPER_ONLY,FORBIDDEN
US500,M2,EMA_SCALP,"5,13",777,0.9354,27.28,2.4842,-142.2,D,C:\Users\MindFin\Desktop\mind-fin-pro-backend-core\mind_trader\data\raw\mt5\MT5_US500_M2_raw.csv,PAPER_ONLY,FORBIDDEN
USDCAD,M2,SMA_SCALP,"9,21",535,0.9354,35.33,1.6877,-0.00707,D,C:\Users\MindFin\Desktop\mind-fin-pro-backend-core\mind_trader\data\raw\mt5\MT5_USDCAD_M2_raw.csv,PAPER_ONLY,FORBIDDEN
USDCAD,M2,SMA_SCALP,"8,21",549,0.9335,34.06,1.7872,-0.00711,D,C:\Users\MindFin\Desktop\mind-fin-pro-backend-core\mind_trader\data\raw\mt5\MT5_USDCAD_M2_raw.csv,PAPER_ONLY,FORBIDDEN
USDCHF,M2,SMA_SCALP,"8,21",565,0.9322,35.4,1.678,-0.00704,D,C:\Users\MindFin\Desktop\mind-fin-pro-backend-core\mind_trader\data\raw\mt5\MT5_USDCHF_M2_raw.csv,PAPER_ONLY,FORBIDDEN
GBPUSD,M2,SMA_SCALP,"8,21",551,0.9317,34.85,1.7324,-0.01034,D,C:\Users\MindFin\Desktop\mind-fin-pro-backend-core\mind_trader\data\raw\mt5\MT5_GBPUSD_M2_raw.csv,PAPER_ONLY,FORBIDDEN
AUDUSD,M2,SMA_SCALP,"5,13",922,0.9305,36.55,1.5765,-0.009,D,C:\Users\MindFin\Desktop\mind-fin-pro-backend-core\mind_trader\data\raw\mt5\MT5_AUDUSD_M2_raw.csv,PAPER_ONLY,FORBIDDEN
US100,M5,EMA_SCALP,"9,21",433,0.9301,29.1,2.2589,-1084.6,D,C:\Users\MindFin\Desktop\mind-fin-pro-backend-core\mind_trader\data\raw\mt5\MT5_US100_M5_raw.csv,PAPER_ONLY,FORBIDDEN
US500,M2,SMA_SCALP,"8,21",529,0.9256,35.54,1.6494,-147.2,D,C:\Users\MindFin\Desktop\mind-fin-pro-backend-core\mind_trader\data\raw\mt5\MT5_US500_M2_raw.csv,PAPER_ONLY,FORBIDDEN
USDCHF,M2,SMA_SCALP,"9,21",545,0.9254,35.41,1.659,-0.00761,D,C:\Users\MindFin\Desktop\mind-fin-pro-backend-core\mind_trader\data\raw\mt5\MT5_USDCHF_M2_raw.csv,PAPER_ONLY,FORBIDDEN
XAUUSD,M2,EMA_SCALP,"5,13",802,0.9253,25.69,2.6771,-173.74,D,C:\Users\MindFin\Desktop\mind-fin-pro-backend-core\mind_trader\data\raw\mt5\MT5_XAUUSD_M2_raw.csv,PAPER_ONLY,FORBIDDEN
AUDUSD,M2,EMA_SCALP,"5,13",799,0.9252,28.16,2.3357,-0.00857,D,C:\Users\MindFin\Desktop\mind-fin-pro-backend-core\mind_trader\data\raw\mt5\MT5_AUDUSD_M2_raw.csv,PAPER_ONLY,FORBIDDEN
US100,M5,EMA_SCALP,"8,21",477,0.9245,28.72,2.2876,-1199.0,D,C:\Users\MindFin\Desktop\mind-fin-pro-backend-core\mind_trader\data\raw\mt5\MT5_US100_M5_raw.csv,PAPER_ONLY,FORBIDDEN
EURUSD,M2,SMA_SCALP,"8,21",537,0.9236,33.52,1.8112,-0.00873,D,C:\Users\MindFin\Desktop\mind-fin-pro-backend-core\mind_trader\data\raw\mt5\MT5_EURUSD_M2_raw.csv,PAPER_ONLY,FORBIDDEN
USDCAD,M2,EMA_SCALP,"9,21",453,0.9224,28.48,2.2524,-0.00724,D,C:\Users\MindFin\Desktop\mind-fin-pro-backend-core\mind_trader\data\raw\mt5\MT5_USDCAD_M2_raw.csv,PAPER_ONLY,FORBIDDEN
AUDUSD,M2,SMA_SCALP,"9,21",542,0.9195,37.82,1.4712,-0.00799,D,C:\Users\MindFin\Desktop\mind-fin-pro-backend-core\mind_trader\data\raw\mt5\MT5_AUDUSD_M2_raw.csv,PAPER_ONLY,FORBIDDEN
NZDUSD,M5,EMA_SCALP,"13,34",320,0.9189,25.0,2.7568,-0.00944,D,C:\Users\MindFin\Desktop\mind-fin-pro-backend-core\mind_trader\data\raw\mt5\MT5_NZDUSD_M5_raw.csv,PAPER_ONLY,FORBIDDEN
GER40,M5,SMA_SCALP,"13,34",326,0.9169,34.66,1.712,-865.9,D,C:\Users\MindFin\Desktop\mind-fin-pro-backend-core\mind_trader\data\raw\mt5\MT5_GER40_M5_raw.csv,PAPER_ONLY,FORBIDDEN
NZDUSD,M5,SMA_SCALP,"8,21",545,0.9149,35.6,1.6222,-0.0128,D,C:\Users\MindFin\Desktop\mind-fin-pro-backend-core\mind_trader\data\raw\mt5\MT5_NZDUSD_M5_raw.csv,PAPER_ONLY,FORBIDDEN
US500,M5,SMA_SCALP,"8,21",537,0.9149,34.82,1.6781,-231.4,D,C:\Users\MindFin\Desktop\mind-fin-pro-backend-core\mind_trader\data\raw\mt5\MT5_US500_M5_raw.csv,PAPER_ONLY,FORBIDDEN
GBPUSD,M2,SMA_SCALP,"5,13",873,0.9133,34.25,1.7166,-0.01654,D,C:\Users\MindFin\Desktop\mind-fin-pro-backend-core\mind_trader\data\raw\mt5\MT5_GBPUSD_M2_raw.csv,PAPER_ONLY,FORBIDDEN
AUDUSD,M2,EMA_SCALP,"13,34",310,0.9117,28.39,2.2793,-0.00643,D,C:\Users\MindFin\Desktop\mind-fin-pro-backend-core\mind_trader\data\raw\mt5\MT5_AUDUSD_M2_raw.csv,PAPER_ONLY,FORBIDDEN
GER40,M2,SMA_SCALP,"5,13",896,0.9116,35.49,1.6196,-888.2,D,C:\Users\MindFin\Desktop\mind-fin-pro-backend-core\mind_trader\data\raw\mt5\MT5_GER40_M2_raw.csv,PAPER_ONLY,FORBIDDEN
NZDUSD,M5,SMA_SCALP,"5,13",852,0.9112,35.68,1.6246,-0.0169,D,C:\Users\MindFin\Desktop\mind-fin-pro-backend-core\mind_trader\data\raw\mt5\MT5_NZDUSD_M5_raw.csv,PAPER_ONLY,FORBIDDEN
USDCHF,M5,SMA_SCALP,"5,13",879,0.9085,36.41,1.5644,-0.01732,D,C:\Users\MindFin\Desktop\mind-fin-pro-backend-core\mind_trader\data\raw\mt5\MT5_USDCHF_M5_raw.csv,PAPER_ONLY,FORBIDDEN
GBPUSD,M5,EMA_SCALP,"5,13",784,0.9081,28.83,2.2301,-0.02495,D,C:\Users\MindFin\Desktop\mind-fin-pro-backend-core\mind_trader\data\raw\mt5\MT5_GBPUSD_M5_raw.csv,PAPER_ONLY,FORBIDDEN
AUDUSD,M2,EMA_SCALP,"9,21",476,0.9079,28.78,2.2267,-0.00829,D,C:\Users\MindFin\Desktop\mind-fin-pro-backend-core\mind_trader\data\raw\mt5\MT5_AUDUSD_M2_raw.csv,PAPER_ONLY,FORBIDDEN
NZDUSD,M5,EMA_SCALP,"5,13",766,0.9047,28.72,2.2206,-0.01683,D,C:\Users\MindFin\Desktop\mind-fin-pro-backend-core\mind_trader\data\raw\mt5\MT5_NZDUSD_M5_raw.csv,PAPER_ONLY,FORBIDDEN
USDCAD,M2,EMA_SCALP,"8,21",487,0.9041,28.75,2.2086,-0.0093,D,C:\Users\MindFin\Desktop\mind-fin-pro-backend-core\mind_trader\data\raw\mt5\MT5_USDCAD_M2_raw.csv,PAPER_ONLY,FORBIDDEN
USDCHF,M2,EMA_SCALP,"5,13",800,0.904,27.75,2.3414,-0.01109,D,C:\Users\MindFin\Desktop\mind-fin-pro-backend-core\mind_trader\data\raw\mt5\MT5_USDCHF_M2_raw.csv,PAPER_ONLY,FORBIDDEN
XAUUSD,M5,SMA_SCALP,"5,13",903,0.8981,36.43,1.5669,-412.09,D,C:\Users\MindFin\Desktop\mind-fin-pro-backend-core\mind_trader\data\raw\mt5\MT5_XAUUSD_M5_raw.csv,PAPER_ONLY,FORBIDDEN
USDJPY,M5,SMA_SCALP,"5,13",906,0.8935,34.11,1.6829,-2.382,D,C:\Users\MindFin\Desktop\mind-fin-pro-backend-core\mind_trader\data\raw\mt5\MT5_USDJPY_M5_raw.csv,PAPER_ONLY,FORBIDDEN
GBPUSD,M5,SMA_SCALP,"8,21",559,0.8916,33.63,1.7358,-0.02483,D,C:\Users\MindFin\Desktop\mind-fin-pro-backend-core\mind_trader\data\raw\mt5\MT5_GBPUSD_M5_raw.csv,PAPER_ONLY,FORBIDDEN
NZDUSD,M2,EMA_SCALP,"5,13",767,0.8912,27.9,2.2614,-0.01241,D,C:\Users\MindFin\Desktop\mind-fin-pro-backend-core\mind_trader\data\raw\mt5\MT5_NZDUSD_M2_raw.csv,PAPER_ONLY,FORBIDDEN
US500,M5,SMA_SCALP,"9,21",531,0.8911,36.91,1.5004,-301.3,D,C:\Users\MindFin\Desktop\mind-fin-pro-backend-core\mind_trader\data\raw\mt5\MT5_US500_M5_raw.csv,PAPER_ONLY,FORBIDDEN
AUDUSD,M2,EMA_SCALP,"8,21",504,0.8897,27.98,2.2779,-0.01029,D,C:\Users\MindFin\Desktop\mind-fin-pro-backend-core\mind_trader\data\raw\mt5\MT5_AUDUSD_M2_raw.csv,PAPER_ONLY,FORBIDDEN
AUDUSD,M5,SMA_SCALP,"8,21",556,0.8887,35.43,1.6014,-0.01773,D,C:\Users\MindFin\Desktop\mind-fin-pro-backend-core\mind_trader\data\raw\mt5\MT5_AUDUSD_M5_raw.csv,PAPER_ONLY,FORBIDDEN
USDJPY,M2,SMA_SCALP,"5,13",914,0.8863,35.78,1.5367,-1.416,D,C:\Users\MindFin\Desktop\mind-fin-pro-backend-core\mind_trader\data\raw\mt5\MT5_USDJPY_M2_raw.csv,PAPER_ONLY,FORBIDDEN
AUDUSD,M5,SMA_SCALP,"5,13",893,0.8844,34.94,1.613,-0.02472,D,C:\Users\MindFin\Desktop\mind-fin-pro-backend-core\mind_trader\data\raw\mt5\MT5_AUDUSD_M5_raw.csv,PAPER_ONLY,FORBIDDEN
AUDUSD,M2,SMA_SCALP,"8,21",552,0.8792,34.42,1.6566,-0.01239,D,C:\Users\MindFin\Desktop\mind-fin-pro-backend-core\mind_trader\data\raw\mt5\MT5_AUDUSD_M2_raw.csv,PAPER_ONLY,FORBIDDEN
GBPUSD,M5,SMA_SCALP,"9,21",561,0.879,34.22,1.6664,-0.02805,D,C:\Users\MindFin\Desktop\mind-fin-pro-backend-core\mind_trader\data\raw\mt5\MT5_GBPUSD_M5_raw.csv,PAPER_ONLY,FORBIDDEN
NZDUSD,M2,SMA_SCALP,"9,21",541,0.8781,36.78,1.4871,-0.01199,D,C:\Users\MindFin\Desktop\mind-fin-pro-backend-core\mind_trader\data\raw\mt5\MT5_NZDUSD_M2_raw.csv,PAPER_ONLY,FORBIDDEN
GBPUSD,M2,EMA_SCALP,"5,13",809,0.8726,27.19,2.3085,-0.02253,D,C:\Users\MindFin\Desktop\mind-fin-pro-backend-core\mind_trader\data\raw\mt5\MT5_GBPUSD_M2_raw.csv,PAPER_ONLY,FORBIDDEN
USDCHF,M5,SMA_SCALP,"8,21",553,0.8707,32.91,1.7462,-0.01906,D,C:\Users\MindFin\Desktop\mind-fin-pro-backend-core\mind_trader\data\raw\mt5\MT5_USDCHF_M5_raw.csv,PAPER_ONLY,FORBIDDEN
EURUSD,M5,SMA_SCALP,"5,13",898,0.8699,35.52,1.5571,-0.0286,D,C:\Users\MindFin\Desktop\mind-fin-pro-backend-core\mind_trader\data\raw\mt5\MT5_EURUSD_M5_raw.csv,PAPER_ONLY,FORBIDDEN
USDCAD,M2,SMA_SCALP,"13,34",343,0.8688,32.07,1.8246,-0.01188,D,C:\Users\MindFin\Desktop\mind-fin-pro-backend-core\mind_trader\data\raw\mt5\MT5_USDCAD_M2_raw.csv,PAPER_ONLY,FORBIDDEN
NZDUSD,M2,SMA_SCALP,"8,21",547,0.8659,36.93,1.4446,-0.01376,D,C:\Users\MindFin\Desktop\mind-fin-pro-backend-core\mind_trader\data\raw\mt5\MT5_NZDUSD_M2_raw.csv,PAPER_ONLY,FORBIDDEN
NZDUSD,M5,EMA_SCALP,"9,21",460,0.8607,26.96,2.3321,-0.0199,D,C:\Users\MindFin\Desktop\mind-fin-pro-backend-core\mind_trader\data\raw\mt5\MT5_NZDUSD_M5_raw.csv,PAPER_ONLY,FORBIDDEN
UK100,M2,SMA_SCALP,"9,21",542,0.8586,31.73,1.8219,-404.6,D,C:\Users\MindFin\Desktop\mind-fin-pro-backend-core\mind_trader\data\raw\mt5\MT5_UK100_M2_raw.csv,PAPER_ONLY,FORBIDDEN
AUDUSD,M2,SMA_SCALP,"13,34",348,0.8586,33.91,1.659,-0.0112,D,C:\Users\MindFin\Desktop\mind-fin-pro-backend-core\mind_trader\data\raw\mt5\MT5_AUDUSD_M2_raw.csv,PAPER_ONLY,FORBIDDEN
NZDUSD,M5,SMA_SCALP,"9,21",525,0.8503,35.05,1.5574,-0.02328,D,C:\Users\MindFin\Desktop\mind-fin-pro-backend-core\mind_trader\data\raw\mt5\MT5_NZDUSD_M5_raw.csv,PAPER_ONLY,FORBIDDEN
US500,M5,EMA_SCALP,"13,34",313,0.8476,27.48,2.2374,-310.5,D,C:\Users\MindFin\Desktop\mind-fin-pro-backend-core\mind_trader\data\raw\mt5\MT5_US500_M5_raw.csv,PAPER_ONLY,FORBIDDEN
NZDUSD,M5,EMA_SCALP,"8,21",480,0.8463,27.71,2.2015,-0.02264,D,C:\Users\MindFin\Desktop\mind-fin-pro-backend-core\mind_trader\data\raw\mt5\MT5_NZDUSD_M5_raw.csv,PAPER_ONLY,FORBIDDEN
EURUSD,M5,EMA_SCALP,"8,21",509,0.846,26.52,2.3248,-0.02359,D,C:\Users\MindFin\Desktop\mind-fin-pro-backend-core\mind_trader\data\raw\mt5\MT5_EURUSD_M5_raw.csv,PAPER_ONLY,FORBIDDEN
GBPUSD,M5,EMA_SCALP,"13,34",291,0.8439,25.77,2.4192,-0.02648,D,C:\Users\MindFin\Desktop\mind-fin-pro-backend-core\mind_trader\data\raw\mt5\MT5_GBPUSD_M5_raw.csv,PAPER_ONLY,FORBIDDEN
US500,M5,EMA_SCALP,"9,21",477,0.8431,26.42,2.3285,-399.3,D,C:\Users\MindFin\Desktop\mind-fin-pro-backend-core\mind_trader\data\raw\mt5\MT5_US500_M5_raw.csv,PAPER_ONLY,FORBIDDEN
USDCHF,M5,SMA_SCALP,"9,21",549,0.8425,33.52,1.6576,-0.02342,D,C:\Users\MindFin\Desktop\mind-fin-pro-backend-core\mind_trader\data\raw\mt5\MT5_USDCHF_M5_raw.csv,PAPER_ONLY,FORBIDDEN
USDCHF,M5,SMA_SCALP,"13,34",351,0.8401,31.62,1.7863,-0.01964,D,C:\Users\MindFin\Desktop\mind-fin-pro-backend-core\mind_trader\data\raw\mt5\MT5_USDCHF_M5_raw.csv,PAPER_ONLY,FORBIDDEN
USDCAD,M5,SMA_SCALP,"9,21",542,0.8391,35.61,1.4955,-0.02508,D,C:\Users\MindFin\Desktop\mind-fin-pro-backend-core\mind_trader\data\raw\mt5\MT5_USDCAD_M5_raw.csv,PAPER_ONLY,FORBIDDEN
EURUSD,M5,EMA_SCALP,"9,21",483,0.8389,26.09,2.3636,-0.02392,D,C:\Users\MindFin\Desktop\mind-fin-pro-backend-core\mind_trader\data\raw\mt5\MT5_EURUSD_M5_raw.csv,PAPER_ONLY,FORBIDDEN
US100,M2,SMA_SCALP,"5,13",887,0.8381,33.15,1.6877,-2797.3,D,C:\Users\MindFin\Desktop\mind-fin-pro-backend-core\mind_trader\data\raw\mt5\MT5_US100_M2_raw.csv,PAPER_ONLY,FORBIDDEN
AUDUSD,M5,EMA_SCALP,"9,21",448,0.8345,27.23,2.2232,-0.02476,D,C:\Users\MindFin\Desktop\mind-fin-pro-backend-core\mind_trader\data\raw\mt5\MT5_AUDUSD_M5_raw.csv,PAPER_ONLY,FORBIDDEN
US500,M5,EMA_SCALP,"8,21",497,0.8325,25.55,2.4058,-441.9,D,C:\Users\MindFin\Desktop\mind-fin-pro-backend-core\mind_trader\data\raw\mt5\MT5_US500_M5_raw.csv,PAPER_ONLY,FORBIDDEN
USDCAD,M5,SMA_SCALP,"5,13",904,0.8267,33.52,1.5989,-0.03756,D,C:\Users\MindFin\Desktop\mind-fin-pro-backend-core\mind_trader\data\raw\mt5\MT5_USDCAD_M5_raw.csv,PAPER_ONLY,FORBIDDEN
USDCHF,M5,EMA_SCALP,"5,13",745,0.8219,28.86,1.9954,-0.03074,D,C:\Users\MindFin\Desktop\mind-fin-pro-backend-core\mind_trader\data\raw\mt5\MT5_USDCHF_M5_raw.csv,PAPER_ONLY,FORBIDDEN
AUDUSD,M5,SMA_SCALP,"9,21",551,0.8202,34.66,1.5417,-0.03065,D,C:\Users\MindFin\Desktop\mind-fin-pro-backend-core\mind_trader\data\raw\mt5\MT5_AUDUSD_M5_raw.csv,PAPER_ONLY,FORBIDDEN
USDCAD,M5,SMA_SCALP,"8,21",558,0.8197,34.95,1.5049,-0.02906,D,C:\Users\MindFin\Desktop\mind-fin-pro-backend-core\mind_trader\data\raw\mt5\MT5_USDCAD_M5_raw.csv,PAPER_ONLY,FORBIDDEN
AUDUSD,M5,EMA_SCALP,"8,21",474,0.8135,26.16,2.2897,-0.02878,D,C:\Users\MindFin\Desktop\mind-fin-pro-backend-core\mind_trader\data\raw\mt5\MT5_AUDUSD_M5_raw.csv,PAPER_ONLY,FORBIDDEN
EURUSD,M5,SMA_SCALP,"9,21",573,0.8094,34.38,1.5284,-0.03341,D,C:\Users\MindFin\Desktop\mind-fin-pro-backend-core\mind_trader\data\raw\mt5\MT5_EURUSD_M5_raw.csv,PAPER_ONLY,FORBIDDEN
AUDUSD,M5,SMA_SCALP,"13,34",362,0.8088,31.77,1.709,-0.02714,D,C:\Users\MindFin\Desktop\mind-fin-pro-backend-core\mind_trader\data\raw\mt5\MT5_AUDUSD_M5_raw.csv,PAPER_ONLY,FORBIDDEN
US500,M5,SMA_SCALP,"13,34",349,0.8086,37.54,1.3209,-446.5,D,C:\Users\MindFin\Desktop\mind-fin-pro-backend-core\mind_trader\data\raw\mt5\MT5_US500_M5_raw.csv,PAPER_ONLY,FORBIDDEN
USDCAD,M5,EMA_SCALP,"13,34",319,0.8035,25.71,2.3125,-0.02257,D,C:\Users\MindFin\Desktop\mind-fin-pro-backend-core\mind_trader\data\raw\mt5\MT5_USDCAD_M5_raw.csv,PAPER_ONLY,FORBIDDEN
EURUSD,M5,SMA_SCALP,"13,34",349,0.8034,30.95,1.778,-0.02725,D,C:\Users\MindFin\Desktop\mind-fin-pro-backend-core\mind_trader\data\raw\mt5\MT5_EURUSD_M5_raw.csv,PAPER_ONLY,FORBIDDEN
EURUSD,M5,SMA_SCALP,"8,21",585,0.7975,32.65,1.6242,-0.03576,D,C:\Users\MindFin\Desktop\mind-fin-pro-backend-core\mind_trader\data\raw\mt5\MT5_EURUSD_M5_raw.csv,PAPER_ONLY,FORBIDDEN
US500,M2,SMA_SCALP,"5,13",937,0.7956,33.62,1.5533,-566.4,D,C:\Users\MindFin\Desktop\mind-fin-pro-backend-core\mind_trader\data\raw\mt5\MT5_US500_M2_raw.csv,PAPER_ONLY,FORBIDDEN
USDJPY,M2,EMA_SCALP,"5,13",812,0.7936,25.99,2.2416,-2.481,D,C:\Users\MindFin\Desktop\mind-fin-pro-backend-core\mind_trader\data\raw\mt5\MT5_USDJPY_M2_raw.csv,PAPER_ONLY,FORBIDDEN
EURUSD,M5,EMA_SCALP,"5,13",858,0.7929,25.17,2.3456,-0.04349,D,C:\Users\MindFin\Desktop\mind-fin-pro-backend-core\mind_trader\data\raw\mt5\MT5_EURUSD_M5_raw.csv,PAPER_ONLY,FORBIDDEN
USDJPY,M2,EMA_SCALP,"13,34",319,0.7879,23.51,2.5214,-1.628,D,C:\Users\MindFin\Desktop\mind-fin-pro-backend-core\mind_trader\data\raw\mt5\MT5_USDJPY_M2_raw.csv,PAPER_ONLY,FORBIDDEN
USDCAD,M2,EMA_SCALP,"13,34",309,0.7728,24.27,2.3596,-0.01987,D,C:\Users\MindFin\Desktop\mind-fin-pro-backend-core\mind_trader\data\raw\mt5\MT5_USDCAD_M2_raw.csv,PAPER_ONLY,FORBIDDEN
USDCHF,M5,EMA_SCALP,"13,34",307,0.7556,28.01,1.933,-0.02787,D,C:\Users\MindFin\Desktop\mind-fin-pro-backend-core\mind_trader\data\raw\mt5\MT5_USDCHF_M5_raw.csv,PAPER_ONLY,FORBIDDEN
USDCHF,M5,EMA_SCALP,"9,21",453,0.7384,26.71,2.0138,-0.0387,D,C:\Users\MindFin\Desktop\mind-fin-pro-backend-core\mind_trader\data\raw\mt5\MT5_USDCHF_M5_raw.csv,PAPER_ONLY,FORBIDDEN
EURUSD,M5,EMA_SCALP,"13,34",303,0.7353,25.74,2.121,-0.0355,D,C:\Users\MindFin\Desktop\mind-fin-pro-backend-core\mind_trader\data\raw\mt5\MT5_EURUSD_M5_raw.csv,PAPER_ONLY,FORBIDDEN
USDCAD,M5,SMA_SCALP,"13,34",354,0.729,31.64,1.562,-0.03757,D,C:\Users\MindFin\Desktop\mind-fin-pro-backend-core\mind_trader\data\raw\mt5\MT5_USDCAD_M5_raw.csv,PAPER_ONLY,FORBIDDEN
AUDUSD,M5,EMA_SCALP,"13,34",314,0.7278,25.48,2.1197,-0.03724,D,C:\Users\MindFin\Desktop\mind-fin-pro-backend-core\mind_trader\data\raw\mt5\MT5_AUDUSD_M5_raw.csv,PAPER_ONLY,FORBIDDEN
USDCHF,M5,EMA_SCALP,"8,21",481,0.7167,25.16,2.1265,-0.04362,D,C:\Users\MindFin\Desktop\mind-fin-pro-backend-core\mind_trader\data\raw\mt5\MT5_USDCHF_M5_raw.csv,PAPER_ONLY,FORBIDDEN
USDJPY,M5,SMA_SCALP,"9,21",587,0.7122,31.52,1.5206,-5.744,D,C:\Users\MindFin\Desktop\mind-fin-pro-backend-core\mind_trader\data\raw\mt5\MT5_USDJPY_M5_raw.csv,PAPER_ONLY,FORBIDDEN
USDCAD,M5,EMA_SCALP,"9,21",509,0.7002,23.97,2.2098,-0.05093,D,C:\Users\MindFin\Desktop\mind-fin-pro-backend-core\mind_trader\data\raw\mt5\MT5_USDCAD_M5_raw.csv,PAPER_ONLY,FORBIDDEN
USDJPY,M5,SMA_SCALP,"8,21",599,0.6939,31.39,1.4949,-6.121,D,C:\Users\MindFin\Desktop\mind-fin-pro-backend-core\mind_trader\data\raw\mt5\MT5_USDJPY_M5_raw.csv,PAPER_ONLY,FORBIDDEN
USDCAD,M5,EMA_SCALP,"8,21",535,0.6794,23.93,2.1549,-0.05669,D,C:\Users\MindFin\Desktop\mind-fin-pro-backend-core\mind_trader\data\raw\mt5\MT5_USDCAD_M5_raw.csv,PAPER_ONLY,FORBIDDEN
USDJPY,M5,EMA_SCALP,"5,13",834,0.671,22.9,2.2413,-7.653,D,C:\Users\MindFin\Desktop\mind-fin-pro-backend-core\mind_trader\data\raw\mt5\MT5_USDJPY_M5_raw.csv,PAPER_ONLY,FORBIDDEN
USDCAD,M5,EMA_SCALP,"5,13",830,0.6585,25.54,1.9071,-0.07415,D,C:\Users\MindFin\Desktop\mind-fin-pro-backend-core\mind_trader\data\raw\mt5\MT5_USDCAD_M5_raw.csv,PAPER_ONLY,FORBIDDEN
USDJPY,M5,SMA_SCALP,"13,34",367,0.6392,33.79,1.2217,-5.793,D,C:\Users\MindFin\Desktop\mind-fin-pro-backend-core\mind_trader\data\raw\mt5\MT5_USDJPY_M5_raw.csv,PAPER_ONLY,FORBIDDEN
USDJPY,M5,EMA_SCALP,"8,21",573,0.5469,21.82,1.9424,-9.198,D,C:\Users\MindFin\Desktop\mind-fin-pro-backend-core\mind_trader\data\raw\mt5\MT5_USDJPY_M5_raw.csv,PAPER_ONLY,FORBIDDEN
USDJPY,M5,EMA_SCALP,"9,21",535,0.5466,21.68,1.9697,-9.148,D,C:\Users\MindFin\Desktop\mind-fin-pro-backend-core\mind_trader\data\raw\mt5\MT5_USDJPY_M5_raw.csv,PAPER_ONLY,FORBIDDEN
USDJPY,M5,EMA_SCALP,"13,34",333,0.4921,23.42,1.6087,-8.595,D,C:\Users\MindFin\Desktop\mind-fin-pro-backend-core\mind_trader\data\raw\mt5\MT5_USDJPY_M5_raw.csv,PAPER_ONLY,FORBIDDEN
