"symbol","timeframe","strategy","params","filter","filter_params","trades","pf","winrate","payoff","maxdd","netprofit"
"USDJPY","H4","SMA_CROSS","fast=21;slow=55","SESSION_FILTER","session=LONDON_NY","46","3,5532","65,22","1,8951","0,7216","59799"
"USDJPY","H4","SMA_CROSS","fast=21;slow=55","COMBO_FILTER","adx=14;min=18;session=LONDON_NY","46","3,5532","65,22","1,8951","0,7216","59799"
"USDJPY","H4","EMA_CROSS","fast=21;slow=55","SESSION_FILTER","session=LONDON_NY","46","3,5532","65,22","1,8951","0,7216","59799"
"USDJPY","H4","EMA_CROSS","fast=21;slow=55","COMBO_FILTER","adx=14;min=18;session=LONDON_NY","46","3,5532","65,22","1,8951","0,7216","59799"
"GBPUSD","M30","EMA_CROSS","fast=9;slow=34","SESSION_FILTER","session=LONDON_NY","86","2,1792","47,67","2,3918","0,2224","10922"
"GBPUSD","M30","EMA_CROSS","fast=9;slow=34","COMBO_FILTER","adx=14;min=18;session=LONDON_NY","86","2,1792","47,67","2,3918","0,2224","10922"
"GBPUSD","M30","SMA_CROSS","fast=9;slow=34","SESSION_FILTER","session=LONDON_NY","86","2,1792","47,67","2,3918","0,2224","10922"
"GBPUSD","M30","SMA_CROSS","fast=9;slow=34","COMBO_FILTER","adx=14;min=18;session=LONDON_NY","86","2,1792","47,67","2,3918","0,2224","10922"
"USDCHF","M15","EMA_CROSS","fast=21;slow=34","SESSION_FILTER","session=LONDON_NY","67","1,5047","50,75","1,4162","0,2006","2739"
"USDCHF","M15","SMA_CROSS","fast=21;slow=34","COMBO_FILTER","adx=14;min=18;session=LONDON_NY","67","1,5047","50,75","1,4162","0,2006","2739"
"USDCHF","M15","EMA_CROSS","fast=21;slow=34","COMBO_FILTER","adx=14;min=18;session=LONDON_NY","67","1,5047","50,75","1,4162","0,2006","2739"
"USDCHF","M15","SMA_CROSS","fast=21;slow=34","SESSION_FILTER","session=LONDON_NY","67","1,5047","50,75","1,4162","0,2006","2739"
"GBPUSD","D1","EMA_CROSS","fast=21;slow=89","ADX_FILTER","adx=21;min=20","62","1,4868","43,55","1,9273","3,5952","58237"
"GBPUSD","D1","EMA_CROSS","fast=21;slow=89","VOLATILITY_FILTER","range_ma=20;min_ratio=1.0","62","1,4868","43,55","1,9273","3,5952","58237"
"GBPUSD","D1","EMA_CROSS","fast=21;slow=89","ATR_FILTER","atr=14;min_mult=1.5","62","1,4868","43,55","1,9273","3,5952","58237"
"GBPUSD","D1","SMA_CROSS","fast=21;slow=89","ADX_FILTER","adx=14;min=18","62","1,4868","43,55","1,9273","3,5952","58237"
"GBPUSD","D1","EMA_CROSS","fast=21;slow=89","ADX_FILTER","adx=14;min=22","62","1,4868","43,55","1,9273","3,5952","58237"
"GBPUSD","D1","EMA_CROSS","fast=21;slow=89","ATR_FILTER","atr=14;min_mult=1.0","62","1,4868","43,55","1,9273","3,5952","58237"
"GBPUSD","D1","SMA_CROSS","fast=21;slow=89","ADX_FILTER","adx=21;min=20","62","1,4868","43,55","1,9273","3,5952","58237"
"GBPUSD","D1","SMA_CROSS","fast=21;slow=89","ATR_FILTER","atr=14;min_mult=1.5","62","1,4868","43,55","1,9273","3,5952","58237"
"GBPUSD","D1","SMA_CROSS","fast=21;slow=89","ATR_FILTER","atr=14;min_mult=1.0","62","1,4868","43,55","1,9273","3,5952","58237"
"GBPUSD","D1","SMA_CROSS","fast=21;slow=89","VOLATILITY_FILTER","range_ma=20;min_ratio=1.0","62","1,4868","43,55","1,9273","3,5952","58237"
"GBPUSD","D1","EMA_CROSS","fast=21;slow=89","ADX_FILTER","adx=14;min=18","62","1,4868","43,55","1,9273","3,5952","58237"
"GBPUSD","D1","SMA_CROSS","fast=21;slow=89","ADX_FILTER","adx=14;min=22","62","1,4868","43,55","1,9273","3,5952","58237"
"GBPUSD","D1","SMA_CROSS","fast=13;slow=89","VOLATILITY_FILTER","range_ma=20;min_ratio=1.0","74","1,4672","41,89","2,0352","3,6939","59772"
"GBPUSD","D1","SMA_CROSS","fast=13;slow=89","ATR_FILTER","atr=14;min_mult=1.0","74","1,4672","41,89","2,0352","3,6939","59772"
"GBPUSD","D1","EMA_CROSS","fast=13;slow=89","ADX_FILTER","adx=14;min=18","74","1,4672","41,89","2,0352","3,6939","59772"
"GBPUSD","D1","EMA_CROSS","fast=13;slow=89","ADX_FILTER","adx=14;min=22","74","1,4672","41,89","2,0352","3,6939","59772"
"GBPUSD","D1","EMA_CROSS","fast=13;slow=89","ADX_FILTER","adx=21;min=20","74","1,4672","41,89","2,0352","3,6939","59772"
"GBPUSD","D1","EMA_CROSS","fast=13;slow=89","ATR_FILTER","atr=14;min_mult=1.0","74","1,4672","41,89","2,0352","3,6939","59772"
"GBPUSD","D1","EMA_CROSS","fast=13;slow=89","ATR_FILTER","atr=14;min_mult=1.5","74","1,4672","41,89","2,0352","3,6939","59772"
"GBPUSD","D1","SMA_CROSS","fast=13;slow=89","ADX_FILTER","adx=14;min=18","74","1,4672","41,89","2,0352","3,6939","59772"
"GBPUSD","D1","SMA_CROSS","fast=13;slow=89","ADX_FILTER","adx=14;min=22","74","1,4672","41,89","2,0352","3,6939","59772"
"GBPUSD","D1","SMA_CROSS","fast=13;slow=89","ADX_FILTER","adx=21;min=20","74","1,4672","41,89","2,0352","3,6939","59772"
"GBPUSD","D1","SMA_CROSS","fast=13;slow=89","ATR_FILTER","atr=14;min_mult=1.5","74","1,4672","41,89","2,0352","3,6939","59772"
"GBPUSD","D1","EMA_CROSS","fast=13;slow=89","VOLATILITY_FILTER","range_ma=20;min_ratio=1.0","74","1,4672","41,89","2,0352","3,6939","59772"
"EURUSD","M15","SMA_CROSS","fast=21;slow=34","ADX_FILTER","adx=21;min=20","150","1,4571","48","1,5785","0,1795","3843"
"EURUSD","M15","EMA_CROSS","fast=21;slow=34","ATR_FILTER","atr=14;min_mult=1.0","150","1,4571","48","1,5785","0,1795","3843"
"EURUSD","M15","EMA_CROSS","fast=21;slow=34","ADX_FILTER","adx=21;min=20","150","1,4571","48","1,5785","0,1795","3843"
"EURUSD","M15","SMA_CROSS","fast=21;slow=34","ADX_FILTER","adx=14;min=18","150","1,4571","48","1,5785","0,1795","3843"
"EURUSD","M15","SMA_CROSS","fast=21;slow=34","ADX_FILTER","adx=14;min=22","150","1,4571","48","1,5785","0,1795","3843"
"EURUSD","M15","SMA_CROSS","fast=21;slow=34","ATR_FILTER","atr=14;min_mult=1.0","150","1,4571","48","1,5785","0,1795","3843"
"EURUSD","M15","EMA_CROSS","fast=21;slow=34","ADX_FILTER","adx=14;min=18","150","1,4571","48","1,5785","0,1795","3843"
"EURUSD","M15","SMA_CROSS","fast=21;slow=34","ATR_FILTER","atr=14;min_mult=1.5","150","1,4571","48","1,5785","0,1795","3843"
"EURUSD","M15","EMA_CROSS","fast=21;slow=34","ADX_FILTER","adx=14;min=22","150","1,4571","48","1,5785","0,1795","3843"
"EURUSD","M15","SMA_CROSS","fast=21;slow=34","VOLATILITY_FILTER","range_ma=20;min_ratio=1.0","150","1,4571","48","1,5785","0,1795","3843"
"EURUSD","M15","EMA_CROSS","fast=21;slow=34","ATR_FILTER","atr=14;min_mult=1.5","150","1,4571","48","1,5785","0,1795","3843"
"EURUSD","M15","EMA_CROSS","fast=21;slow=34","VOLATILITY_FILTER","range_ma=20;min_ratio=1.0","150","1,4571","48","1,5785","0,1795","3843"
"EURUSD","M5","SMA_CROSS","fast=21;slow=34","VOLATILITY_FILTER","range_ma=20;min_ratio=1.0","153","1,4343","43,14","1,8255","125","235"
"EURUSD","M5","SMA_CROSS","fast=21;slow=34","ADX_FILTER","adx=14;min=18","153","1,4343","43,14","1,8255","125","235"
